region_id,region_nm,ward_nm,population,households,area_km2,pop_density
341010430,白島北町,広島市中区,1969,1160,0.2759512262193427,7135.318900286095
341010440,白島中町,広島市中区,1210,660,0.09538311839032726,12685.682963817897
341010450,白島九軒町,広島市中区,1408,797,0.16242062227984275,8668.84992950024
341010460,東白島町,広島市中区,3918,2217,0.21476821706041668,18242.922782647227
341010470,西白島町,広島市中区,2983,1876,0.26378980046541195,11308.24616697464
341010480,幟町,広島市中区,1753,1168,0.11767090669337898,14897.480178068829
341010490,上幟町,広島市中区,2625,1441,0.22679563950469794,11574.29660346545
341010500,鉄砲町,広島市中区,645,459,0.059613433189559556,10819.709006676747
341010510,八丁堀,広島市中区,653,474,0.09819830233037273,6649.809462113553
341010520,上八丁堀,広島市中区,1676,830,0.187195534408192,8953.205028627302
341010530,橋本町,広島市中区,1203,720,0.06716930604004204,17909.966187276797
341010540,基町,広島市中区,4104,2442,0.9789252622035981,4192.352734632406
341010550,銀山町,広島市中区,837,588,0.07729111150931414,10829.188294169317
341010560,弥生町,広島市中区,168,111,0.014515465619056069,11573.862279653482
341010570,胡町,広島市中区,29,12,0.0491925366902493,589.5203205844889
341010580,薬研堀,広島市中区,54,42,0.029248985374786804,1846.2178878365146
341010590,田中町,広島市中区,440,272,0.037637500932910926,11690.46799319388
341010600,三川町,広島市中区,445,325,0.06287674168794015,7077.33874329165
341010610,立町,広島市中区,28,22,0.030724073798222288,911.337480305756
341010620,袋町,広島市中区,482,300,0.08060957597016276,5979.438474883058
341010630,中町,広島市中区,1052,633,0.09028547966490919,11651.92901344108
34101064001,紙屋町一丁目,広島市中区,43,22,0.032535785361408734,1321.6217012238794
34101064002,紙屋町二丁目,広島市中区,28,12,0.02707858339855986,1034.0275038719028
34101065001,大手町一丁目,広島市中区,379,222,0.07128462529518614,5316.714486897835
34101065002,大手町二丁目,広島市中区,523,390,0.078871333454671,6631.053097391577
34101065003,大手町三丁目,広島市中区,1793,1192,0.13170241079750453,13614.025659384311
34101065004,大手町四丁目,広島市中区,750,545,0.07948331213816208,9435.942964937225
34101065005,大手町五丁目,広島市中区,2455,1615,0.14166825545824127,17329.217417543805
341010660,鶴見町,広島市中区,2335,1404,0.12978519186741846,17991.266695397037
341010670,昭和町,広島市中区,1855,1168,0.0914532645026039,20283.58429946679
341010680,宝町,広島市中区,1923,1324,0.089486911857015,21489.176015735462
341010690,富士見町,広島市中区,1984,1442,0.1101523384518169,18011.419710965518
341010700,竹屋町,広島市中区,1244,879,0.06619978215760626,18791.602622472772
341010710,小町,広島市中区,1688,1064,0.1051896851804671,16047.200798291278
34101072001,国泰寺町一丁目,広島市中区,1098,770,0.15387097762976337,7135.848598050456
34101072002,国泰寺町二丁目,広島市中区,1258,688,0.047678323087132546,26385.1561578832
341010730,平野町,広島市中区,2162,1080,0.13730867162812885,15745.545961258109
341010740,南竹屋町,広島市中区,1203,733,0.0708163520770034,16987.60194103047
34101075001,千田町一丁目,広島市中区,1297,772,0.10387315275170275,12486.383301567197
34101075002,千田町二丁目,広島市中区,1094,602,0.08247041261569091,13265.363483725972
34101075003,千田町三丁目,広島市中区,1760,947,0.18232003763083826,9653.354742958365
34101076001,東千田町一丁目,広島市中区,2660,1235,0.14789895708798068,17985.251906932957
34101076002,東千田町二丁目,広島市中区,869,456,0.11492799376473559,7561.256152951686
341010780,堀川町,広島市中区,43,22,0.02975976295160594,1444.9039822637287
341010790,流川町,広島市中区,74,46,0.04139469095953707,1787.6688600558539
341010800,新天地,広島市中区,12,6,0.02765426193143698,433.92949809152447
341010810,本通,広島市中区,90,51,0.05523982583995295,1629.2593003598192
341010820,東平塚町,広島市中区,1449,1021,0.10767641183170858,13456.9863106573
341010830,西平塚町,広島市中区,1332,788,0.05904633323443823,22558.55574826996
341011140,南千田東町,広島市中区,471,273,0.1134054102379276,4153.241005096929
341011150,南千田西町,広島市中区,986,531,0.15290464961102923,6448.463159938326
34101301001,十日市町一丁目,広島市中区,1426,902,0.05317649610804384,26816.358812033377
34101301002,十日市町二丁目,広島市中区,2246,1587,0.07049201609849944,31861.7642721643
341013020,西十日市町,広島市中区,1402,1061,0.06845219259758813,20481.447661464663
341013040,寺町,広島市中区,418,226,0.11949410269548609,3498.08057946771
341013050,猫屋町,広島市中区,1034,668,0.04262342403159331,24258.9614394559
34101306001,堺町一丁目,広島市中区,1296,840,0.043196025360647976,30002.760420190636
34101306002,堺町二丁目,広島市中区,873,672,0.036041617965375444,24221.99804788664
341013070,榎町,広島市中区,1961,1286,0.08627642047466336,22729.269355534787
341013080,小網町,広島市中区,1273,813,0.05630873244341169,22607.505883378224
341013110,広瀬町,広島市中区,951,588,0.0799556296046406,11894.096822230567
341013120,広瀬北町,広島市中区,1475,871,0.09571182229048744,15410.844394157946
341013130,河原町,広島市中区,2197,1492,0.12001273388798821,18306.390737257363
341013140,土橋町,広島市中区,1286,779,0.07137547586284651,18017.393011447635
34101315001,本川町一丁目,広島市中区,397,290,0.0512714144847751,7743.106056063423
34101315002,本川町二丁目,広島市中区,834,567,0.05601931583879812,14887.72198503689
34101315003,本川町三丁目,広島市中区,569,397,0.03758451056629856,15139.215368956098
341013160,舟入町,広島市中区,1391,880,0.09989368593727713,13924.804024885054
341013170,舟入本町,広島市中区,3554,2188,0.12738331929892086,27900.0423254798
341013180,舟入中町,広島市中区,2859,1803,0.131472651416106,21745.967463235927
341013190,舟入幸町,広島市中区,2754,1507,0.1904122887291929,14463.352225741997
341013200,舟入川口町,広島市中区,2063,1172,0.16894303347062375,12211.21674933533
341013220,西川口町,広島市中区,1353,705,0.12068526376333683,11210.979350828002
341013580,加古町,広島市中区,1565,811,0.15193243107817053,10300.631595862467
341013590,吉島町,広島市中区,1737,593,0.22016112401436233,7889.67628947373
341013610,中島町,広島市中区,710,358,0.2735717115293093,2595.2975767523158
341013620,住吉町,広島市中区,2588,1650,0.12320760216751257,21005.19736177777
341013630,羽衣町,広島市中区,1694,879,0.1403700467032669,12068.10170535175
34101400001,吉島東一丁目,広島市中区,2582,1187,0.17147516755922976,15057.573856040372
34101400002,吉島東二丁目,広島市中区,1566,613,0.08500938476129963,18421.495513668495
34101400003,吉島東三丁目,広島市中区,525,259,0.09411053334761497,5578.5466443040295
34101401001,吉島西一丁目,広島市中区,1695,872,0.1254837422165971,13507.725941694229
34101401002,吉島西二丁目,広島市中区,1564,686,0.14319077461337465,10922.491370152247
34101401003,吉島西三丁目,広島市中区,1145,505,0.1099699668134412,10411.933668602791
34101402001,吉島新町一丁目,広島市中区,1340,619,0.09617539639081052,13932.877329196388
34101402002,吉島新町二丁目,広島市中区,1155,608,0.07413678783072508,15579.309999742454
34101403001,光南一丁目,広島市中区,1362,716,0.0868399447815891,15684.02655512463
34101403002,光南二丁目,広島市中区,1109,620,0.10327187043629707,10738.64543476128
34101403003,光南三丁目,広島市中区,891,471,0.09537628474476686,9341.944933002726
34101403004,光南四丁目,広島市中区,908,439,0.0709455838712643,12798.541508201964
34101403005,光南五丁目,広島市中区,436,200,0.07697629804214785,5664.0811664036
34101403006,光南六丁目,広島市中区,454,201,0.11960377777566007,3795.866722968939
34101404001,南吉島一丁目,広島市中区,40,23,0.11978663427241307,333.9270716049497
34101404002,南吉島二丁目,広島市中区,202,99,0.11138003268915465,1813.610528951382
34101406001,舟入南一丁目,広島市中区,820,431,0.12029612592017426,6816.512117307361
34101406002,舟入南二丁目,広島市中区,1320,634,0.10307972120545715,12805.622527528894
34101406003,舟入南三丁目,広島市中区,2659,1207,0.14916515676612205,17825.878761814867
34101406004,舟入南四丁目,広島市中区,1389,727,0.13939758577932926,9964.304562625859
34101406005,舟入南五丁目,広島市中区,977,521,0.051165117508964394,19095.040675491942
34101406006,舟入南六丁目,広島市中区,147,91,0.07076307714507458,2077.35454605272
34101407001,江波東一丁目,広島市中区,1815,872,0.12134564677079011,14957.273279266086
34101407002,江波東二丁目,広島市中区,482,236,0.053851908780230724,8950.471968728885
34101408001,江波西一丁目,広島市中区,1292,623,0.18856096406386386,6851.895387861994
34101408002,江波西二丁目,広島市中区,1568,690,0.10083412031497731,15550.291856585955
34101409001,江波南一丁目,広島市中区,1166,588,0.13464941126600577,8659.525422628965
34101409002,江波南二丁目,広島市中区,2615,1060,0.18796078063948604,13912.47680023016
34101409003,江波南三丁目,広島市中区,791,373,0.05392360036030755,14668.901829897928
341014100,江波本町,広島市中区,1522,716,0.12050327345750272,12630.362282537959
34101411001,江波二本松一丁目,広島市中区,742,362,0.13369693753330253,5549.865342391821
34101411002,江波二本松二丁目,広島市中区,836,409,0.09999952620004433,8360.039609863965
341014120,江波栄町,広島市中区,1137,509,0.08656491855842795,13134.651068060202
341014130,江波沖町,広島市中区,1,1,0.7298463399806604,1.370151421224498
341014970,,広島市中区,0,0,5.897008264928684,0.0
341020010,戸坂町,広島市東区,0,0,1.4394595635104834,0.0
341020040,尾長町,広島市東区,0,0,0.03223445098194713,0.0
341020060,矢賀町,広島市東区,0,0,0.11537167311269189,0.0
34102007001,矢賀新町一丁目,広島市東区,459,278,0.042674491616302955,10755.839908462976
34102007002,矢賀新町二丁目,広島市東区,823,394,0.04485429592186773,18348.29826408588
34102007003,矢賀新町三丁目,広島市東区,51,27,0.01946844160884555,2619.6241602012965
34102007004,矢賀新町四丁目,広島市東区,385,169,0.040578768393613976,9487.720185726208
34102007005,矢賀新町五丁目,広島市東区,391,270,0.05048313922752035,7745.160185816068
341020080,東蟹屋町,広島市東区,1829,916,0.10528534334584805,17371.83868026135
341020090,若草町,広島市東区,2080,1427,0.10853128684057063,19164.980537413703
34102010001,光町一丁目,広島市東区,1943,1012,0.11405087883399431,17036.25627320343
34102010002,光町二丁目,広島市東区,2079,1189,0.15583587771355414,13340.958645103936
341020110,光が丘,広島市東区,1113,535,0.15331071208945812,7259.766684473782
341020120,山根町,広島市東区,3788,1705,0.6002136134866423,6311.086444700079
341020130,愛宕町,広島市東区,427,281,0.039448325088259066,10824.287192033084
34102042001,二葉の里一丁目,広島市東区,783,469,0.05697824844773856,13742.086170272174
34102042002,二葉の里二丁目,広島市東区,683,348,0.18885044495380215,3616.6184314105267
34102042003,二葉の里三丁目,広島市東区,295,126,0.15712464310588722,1877.4903424996023
34102129001,牛田東一丁目,広島市東区,580,238,0.1294488414639299,4480.534498731789
34102129002,牛田東二丁目,広島市東区,1945,919,0.13940355107389035,13952.298811735862
34102129003,牛田東三丁目,広島市東区,924,385,0.2710393989592392,3409.0984688870185
34102129004,牛田東四丁目,広島市東区,412,185,0.6484245431607095,635.3861900287253
34102130001,牛田南一丁目,広島市東区,853,430,0.12029454633101119,7090.928275774227
34102130002,牛田南二丁目,広島市東区,687,334,0.1266185653067293,5425.744623908549
34102131001,牛田早稲田一丁目,広島市東区,1544,710,0.1074633759904239,14367.685602372909
34102131002,牛田早稲田二丁目,広島市東区,1380,581,0.1591646879625017,8670.264853753995
34102131003,牛田早稲田三丁目,広島市東区,1004,382,0.08900671479871167,11280.047828644636
34102131004,牛田早稲田四丁目,広島市東区,1947,839,0.17887359397219205,10884.781575433004
34102132001,牛田中一丁目,広島市東区,751,325,0.051262204361230176,14650.16983483419
34102132002,牛田中二丁目,広島市東区,902,380,0.052374062091280996,17222.265449411476
34102133001,牛田本町一丁目,広島市東区,816,426,0.056940351485224416,14330.786142262325
34102133002,牛田本町二丁目,広島市東区,590,255,0.03296751653523872,17896.40415799454
34102133003,牛田本町三丁目,広島市東区,516,235,0.04726074706313901,10918.15157535785
34102133004,牛田本町四丁目,広島市東区,822,384,0.06919250853991568,11879.898811961786
34102133005,牛田本町五丁目,広島市東区,813,343,0.06864976263239844,11842.721210172318
34102133006,牛田本町六丁目,広島市東区,2288,1050,0.12397417024686971,18455.45725729728
34102134001,牛田旭一丁目,広島市東区,1013,387,0.09236011449671831,10967.93789743508
34102134002,牛田旭二丁目,広島市東区,2026,797,0.2742260420323435,7388.065644622636
34102135001,牛田新町一丁目,広島市東区,1678,708,0.5150652654517175,3257.839564328565
34102135002,牛田新町二丁目,広島市東区,765,418,0.29472764501972804,2595.616708940872
34102135003,牛田新町三丁目,広島市東区,3504,1493,0.3791703482428275,9241.228952206926
34102135004,牛田新町四丁目,広島市東区,1548,685,0.3465494478494285,4466.895011971242
341021360,牛田山,広島市東区,0,0,0.8236691162088705,0.0
341021370,上大須賀町,広島市東区,865,418,0.06707891260962451,12895.259722440544
34102138001,矢賀一丁目,広島市東区,923,432,0.0866593471083681,10650.899537078005
34102138002,矢賀二丁目,広島市東区,920,377,0.14181710685814825,6487.228659376226
34102138003,矢賀三丁目,広島市東区,671,314,0.143567494987374,4673.759892927093
34102138004,矢賀四丁目,広島市東区,670,395,0.05759527277916291,11632.899154223569
34102138005,矢賀五丁目,広島市東区,30,11,0.266229439990291,112.68475793321001
34102138006,矢賀六丁目,広島市東区,849,347,0.08313237705524683,10212.627499341017
341021400,東山町,広島市東区,1537,488,0.10659827150784343,14418.62028585434
34102141001,戸坂くるめ木一丁目,広島市東区,1778,758,0.24969357696657854,7120.727820075184
34102141002,戸坂くるめ木二丁目,広島市東区,996,476,0.300766172920758,3311.5426190644557
34102142001,戸坂千足一丁目,広島市東区,1850,854,0.26371461011597513,7015.159301133965
34102142002,戸坂千足二丁目,広島市東区,908,381,0.16786172235910352,5409.214127194121
341021430,戸坂山崎町,広島市東区,1234,521,0.07996717770355642,15431.331146567645
34102144001,戸坂惣田一丁目,広島市東区,626,298,0.11749304932897657,5327.974748933625
34102144002,戸坂惣田二丁目,広島市東区,251,108,0.06651969640649531,3773.31848398952
341021450,戸坂中町,広島市東区,425,189,0.036971694140493935,11495.28064321269
341021460,戸坂桜東町,広島市東区,512,227,0.053145853596434284,9633.865397814434
341021470,戸坂桜西町,広島市東区,463,204,0.04557527814994854,10159.016440375204
341021480,戸坂桜上町,広島市東区,649,363,0.07996814487783152,8115.731595268173
34102149001,戸坂山根一丁目,広島市東区,1096,519,0.06524611254126636,16797.93565182616
34102149002,戸坂山根二丁目,広島市東区,1126,447,0.08928354975502696,12611.50573750124
34102149003,戸坂山根三丁目,広島市東区,400,166,0.09571493888685718,4179.075958799205
34102150001,戸坂出江一丁目,広島市東区,637,281,0.0829034051007379,7683.640970186521
34102150002,戸坂出江二丁目,広島市東区,897,376,0.08017681810916676,11187.772490281008
341021510,戸坂城山町,広島市東区,42,1,0.09425340508734312,445.6072431662206
34102152001,戸坂数甲一丁目,広島市東区,330,120,0.034125853588930735,9670.087786669776
34102152002,戸坂数甲二丁目,広島市東区,645,270,0.09149237106101166,7049.768112030695
34102153001,戸坂大上一丁目,広島市東区,379,142,0.3719245977053993,1019.0237546487987
34102153002,戸坂大上二丁目,広島市東区,376,162,0.08532501422148203,4406.679605396837
34102153003,戸坂大上三丁目,広島市東区,298,119,0.03536476066323707,8426.467319762794
34102153004,戸坂大上四丁目,広島市東区,1465,623,0.20305329062176442,7214.854758147775
34102154001,戸坂新町一丁目,広島市東区,479,233,0.05557429041966154,8619.093404214394
34102154002,戸坂新町二丁目,広島市東区,1919,1002,0.23661794548691906,8110.12028716177
34102154003,戸坂新町三丁目,広島市東区,0,0,0.11319250132995422,0.0
34102155001,戸坂南一丁目,広島市東区,997,525,0.30092281416051353,3313.141952302081
34102155002,戸坂南二丁目,広島市東区,646,181,0.0738179835732336,8751.25502932648
34102156001,尾長東一丁目,広島市東区,555,292,0.037987159676347006,14610.199992014012
34102156002,尾長東二丁目,広島市東区,732,378,0.06000583249263207,12198.814175103396
34102156003,尾長東三丁目,広島市東区,606,307,0.1027254434669826,5899.220091415588
34102157001,尾長西一丁目,広島市東区,624,323,0.04001521068274904,15594.07008867787
34102157002,尾長西二丁目,広島市東区,830,325,0.09757281294853147,8506.467887092846
34102158001,曙一丁目,広島市東区,407,176,0.04939248269463556,8240.120313778105
34102158002,曙二丁目,広島市東区,626,378,0.04162913528658081,15037.545115711102
34102158003,曙三丁目,広島市東区,102,62,0.027155731595597442,3756.1131299639337
34102158004,曙四丁目,広島市東区,418,263,0.030129254529956975,13873.559320373828
34102158005,曙五丁目,広島市東区,401,271,0.02152822105645943,18626.713231360194
341021590,戸坂長尾台,広島市東区,196,84,0.12830839231853094,1527.569603657895
34102161001,中山南一丁目,広島市東区,1847,786,0.13634515782212736,13546.502343776316
34102161002,中山南二丁目,広島市東区,421,170,0.053454981317707595,7875.786121742386
34102162001,中山西一丁目,広島市東区,604,267,0.18422418729346268,3278.6140021768647
34102162002,中山西二丁目,広島市東区,1649,648,0.36478072008706103,4520.524000299244
34102163001,中山東一丁目,広島市東区,781,326,0.10536770202537209,7412.138492039417
34102163002,中山東二丁目,広島市東区,292,138,0.04164379480581639,7011.848976818423
34102163003,中山東三丁目,広島市東区,411,150,0.18370720927906609,2237.255694062925
341021640,中山中町,広島市東区,1250,511,0.3932484879630606,3178.651764116681
34102165001,中山上一丁目,広島市東区,866,227,0.19022561555023537,4552.488882714662
34102165002,中山上二丁目,広島市東区,1704,663,0.2050447483927842,8310.381091720592
341021660,中山北町,広島市東区,452,149,0.14430335600879476,3132.290284173656
341021670,中山鏡が丘,広島市東区,798,303,0.1961993140717211,4067.292506987508
34102168001,中山新町一丁目,広島市東区,595,247,0.06995024142150236,8506.046411115029
34102168002,中山新町二丁目,広島市東区,531,215,0.08522188533419728,6230.793861432256
34102168003,中山新町三丁目,広島市東区,1530,494,0.1983445535262591,7713.849323306179
34102838001,温品一丁目,広島市東区,550,208,0.15945539217304125,3449.2405211555288
34102838002,温品二丁目,広島市東区,1190,518,0.16608693030494084,7164.922596950419
34102838003,温品三丁目,広島市東区,1154,528,0.16882077109955326,6835.651753536232
34102838004,温品四丁目,広島市東区,1590,764,0.14863192019238802,10697.567507315496
34102838005,温品五丁目,広島市東区,1074,431,0.17625677920075744,6093.382648146022
34102838006,温品六丁目,広島市東区,678,305,0.12195263688115494,5559.535384714341
34102838007,温品七丁目,広島市東区,798,297,0.1378428925116232,5789.1994680299595
34102838008,温品八丁目,広島市東区,362,148,0.09319926353489859,3884.150864179829
34102839001,上温品一丁目,広島市東区,982,327,0.15962089775408392,6152.076662999945
34102839002,上温品二丁目,広島市東区,1118,489,0.13933635924457502,8023.749192682661
34102839003,上温品三丁目,広島市東区,844,348,0.16418627932917063,5140.502625727315
34102839004,上温品四丁目,広島市東区,2104,889,0.2939966871920932,7156.5432253502795
341028391,上温品,広島市東区,18,5,0.002862768860916918,6287.619041040836
34102840001,馬木一丁目,広島市東区,161,77,0.10327527259036562,1558.9404507175266
34102840002,馬木二丁目,広島市東区,618,239,0.31911410210846025,1936.6113747926897
34102840003,馬木三丁目,広島市東区,1058,413,0.15142877046211822,6986.7832695945435
34102840004,馬木四丁目,広島市東区,637,272,0.13212159374119184,4821.316349300146
34102840005,馬木五丁目,広島市東区,509,233,0.16691236781729807,3049.504399561034
34102840006,馬木六丁目,広島市東区,420,166,0.13327008625492737,3151.4949213478985
34102840007,馬木七丁目,広島市東区,1098,400,0.2242159798999979,4897.0639848672545
34102840008,馬木八丁目,広島市東区,731,287,0.26017380703709836,2809.660235689161
34102840009,馬木九丁目,広島市東区,965,370,0.17869184930494902,5400.358235440084
34102841001,福田一丁目,広島市東区,1174,418,0.3281864916541166,3577.2343769630406
34102841002,福田二丁目,広島市東区,480,208,0.19083880987301322,2515.2116611888255
34102841003,福田三丁目,広島市東区,899,373,0.2546175964340767,3530.7850383889745
34102841004,福田四丁目,広島市東区,662,253,0.14225672754039873,4653.5584744981725
34102841005,福田五丁目,広島市東区,797,295,0.28628991530069625,2783.8912843398425
34102841006,福田六丁目,広島市東区,287,113,0.10787479126570747,2660.4918223488144
34102841007,福田七丁目,広島市東区,937,395,0.22102625276923007,4239.315412808932
34102841008,福田八丁目,広島市東区,1502,632,0.22991313496592283,6532.902090272584
341028420,温品町,広島市東区,0,0,2.6368094497983385,0.0
341028420,温品町,広島市東区,317,134,1.3964315132869058,227.00719439784677
341028430,馬木町,広島市東区,4,2,4.396365296287224,0.9098425017998484
341028430,馬木町,広島市東区,0,0,2.2772018773546683,0.0
341028440,福田町,広島市東区,81,3,5.097170755285802,15.89116862840085
341028440,福田町,広島市東区,0,0,1.7911394440148933,0.0
341030140,仁保町,広島市南区,0,0,0.2495848630664332,0.0
341030140,仁保町,広島市南区,0,0,0.004948241769148049,0.0
341030140,仁保町,広島市南区,0,0,0.0214996527708579,0.0
341030170,松原町,広島市南区,1695,926,0.22205488747212795,7633.247884322088
341030180,大須賀町,広島市南区,1640,913,0.10063789388922659,16296.048502417676
341030190,猿猴橋町,広島市南区,189,165,0.02936861385873119,6435.441621764214
341030200,荒神町,広島市南区,178,118,0.022705438324995168,7839.5315453588755
341030220,京橋町,広島市南区,868,655,0.09068500106239259,9571.593867025524
34103023001,的場町一丁目,広島市南区,545,344,0.0670041436505487,8133.825317466571
34103023002,的場町二丁目,広島市南区,479,399,0.05258167328209388,9109.637828188292
341030240,松川町,広島市南区,763,484,0.05097201042676306,14968.999527618862
341030250,金屋町,広島市南区,902,683,0.04116553291830975,21911.534627523437
341030260,比治山町,広島市南区,1332,866,0.08018111110954126,16612.391392035683
341030270,比治山公園,広島市南区,0,0,0.28828925064189725,0.0
341030280,稲荷町,広島市南区,552,328,0.07069020034366592,7808.72026555886
341030410,比治山本町,広島市南区,2477,1066,0.28040858606309005,8833.538354787366
34103116001,青崎一丁目,広島市南区,675,318,0.1221149408424166,5527.57914259693
34103116002,青崎二丁目,広島市南区,1888,799,0.113429896863184,16644.64177620873
341031170,東青崎町,広島市南区,641,307,0.08724518957579774,7347.109945163288
34103118001,堀越一丁目,広島市南区,490,265,0.05868289193631021,8349.963402141248
34103118002,堀越二丁目,広島市南区,1165,456,0.11404393294634847,10215.36148308801
34103118003,堀越三丁目,広島市南区,809,370,0.2173306512345915,3722.4385764470358
341031190,向洋本町,広島市南区,837,376,0.11971753406779506,6991.457070323665
341031200,向洋中町,広島市南区,338,162,0.05899390793665851,5729.405150831998
341031210,向洋大原町,広島市南区,1274,783,0.20641779546477412,6171.948485020092
341031220,月見町,広島市南区,0,0,0.2102967119342645,0.0
341031230,小磯町,広島市南区,403,403,0.36067824235994606,1117.3393697472277
341031240,西荒神町,広島市南区,251,154,0.02246507190479426,11172.899916088592
341031250,東荒神町,広島市南区,274,181,0.024735574333703422,11077.163453070167
34103126001,西蟹屋一丁目,広島市南区,207,163,0.02701676147268351,7661.910188950533
34103126002,西蟹屋二丁目,広島市南区,309,170,0.02836035473222424,10895.491361710687
34103126003,西蟹屋三丁目,広島市南区,954,565,0.08449085167017355,11291.163257817832
34103126004,西蟹屋四丁目,広島市南区,778,462,0.09722727832354382,8001.869572148719
34103127001,南蟹屋一丁目,広島市南区,1434,700,0.08089816382481929,17725.989468750508
34103127002,南蟹屋二丁目,広島市南区,874,347,0.1374113865869595,6360.462707702155
34103128001,大州一丁目,広島市南区,931,481,0.1425240322704865,6532.2316887100105
34103128002,大州二丁目,広島市南区,1134,711,0.07137376513521974,15888.190819856609
34103128003,大州三丁目,広島市南区,642,391,0.12252955187420052,5239.552338028078
34103128004,大州四丁目,広島市南区,496,267,0.14730345953687018,3367.1985814824043
34103128005,大州五丁目,広島市南区,1588,920,0.35014750859695876,4535.231469625806
341031390,東駅町,広島市南区,0,0,0.336788899954764,0.0
341031990,向洋沖町,広島市南区,0,0,0.32635746240709623,0.0
34103200001,向洋新町一丁目,広島市南区,1487,577,0.16808629495313607,8846.646303998721
34103200002,向洋新町二丁目,広島市南区,1851,759,0.165597752450119,11177.687937265659
34103200003,向洋新町三丁目,広島市南区,2022,789,0.2449814348523561,8253.686656781183
34103200004,向洋新町四丁目,広島市南区,441,148,0.041066221866751504,10738.752676857459
341032100,仁保沖町,広島市南区,0,0,1.253162467300537,0.0
341032110,宇品町,広島市南区,72,65,1.0767591725659587,66.86731985613945
341032120,元宇品町,広島市南区,1801,679,0.5104743610426297,3528.09100210539
341032140,似島町,広島市南区,694,291,3.9400868611479307,176.13824883997748
34103216001,皆実町一丁目,広島市南区,3002,1293,0.26932220908260673,11146.499986858582
34103216002,皆実町二丁目,広島市南区,101,51,0.1361030393338269,742.0848240741497
34103216003,皆実町三丁目,広島市南区,1310,649,0.07216715816407028,18152.30131442542
34103216004,皆実町四丁目,広島市南区,1520,752,0.11425042661602063,13304.107870936035
34103216005,皆実町五丁目,広島市南区,1543,776,0.08610828553979563,17919.297664879068
34103216006,皆実町六丁目,広島市南区,1696,976,0.08817276080735947,19234.965361983323
341032170,上東雲町,広島市南区,2016,954,0.1643805821210173,12264.222294308564
34103218001,東雲本町一丁目,広島市南区,1494,798,0.10902234202673414,13703.613151455193
34103218002,東雲本町二丁目,広島市南区,2083,1118,0.12823463211975886,16243.661837425303
34103218003,東雲本町三丁目,広島市南区,926,574,0.06439949804916316,14378.994061305932
34103219001,東雲一丁目,広島市南区,2005,1120,0.17893543534216222,11205.158979081018
34103219002,東雲二丁目,広島市南区,3699,1922,0.2188978463428307,16898.29325322254
34103219003,東雲三丁目,広島市南区,2136,973,0.35032086729198203,6097.2673894978325
34103220001,仁保新町一丁目,広島市南区,825,405,0.08380852441701801,9843.867383882456
34103220002,仁保新町二丁目,広島市南区,1572,755,0.13230192405669644,11881.913367536044
341032210,黄金山町,広島市南区,470,202,0.39048011744532723,1203.6464316670533
34103222001,仁保一丁目,広島市南区,2044,861,0.21400772293940762,9551.057185813435
34103222002,仁保二丁目,広島市南区,1046,460,0.25415151273017106,4115.655219847237
34103222003,仁保三丁目,広島市南区,1244,536,0.222898198869686,5581.023114176375
34103222004,仁保四丁目,広島市南区,328,141,0.10307350859459745,3182.194964276126
341032230,東本浦町,広島市南区,1774,889,0.18634917777526633,9519.76295886538
341032240,西本浦町,広島市南区,1076,508,0.09552675659084489,11263.85986921618
341032250,本浦町,広島市南区,1749,761,0.21516767927220912,8128.544240082341
341032260,山城町,広島市南区,665,306,0.06519684634820427,10199.879859960683
341032270,北大河町,広島市南区,1460,619,0.18116998336896376,8058.730109979757
341032280,南大河町,広島市南区,1212,501,0.1925143088164728,6295.635931952572
341032290,丹那町,広島市南区,3027,1283,0.42484107299402785,7125.017312162168
341032300,丹那新町,広島市南区,563,250,0.11978013158737942,4700.278690120593
341032310,日宇那町,広島市南区,843,257,0.12933838629033836,6517.786592045741
341032320,楠那町,広島市南区,469,195,0.16446193732280193,2851.7236731770836
341032330,東霞町,広島市南区,1011,472,0.0772721442162334,13083.628133456252
341032340,西霞町,広島市南区,1264,634,0.14293881293647281,8842.944572106999
34103235001,宇品西一丁目,広島市南区,656,311,0.05920491142639992,11080.161834470453
34103235002,宇品西二丁目,広島市南区,2043,973,0.1325517956581797,15412.842880442167
34103235003,宇品西三丁目,広島市南区,1879,786,0.08136082492031266,23094.652762436363
34103235004,宇品西四丁目,広島市南区,1572,666,0.06894096475361255,22802.117806418224
34103235005,宇品西五丁目,広島市南区,1653,563,0.08295967430763068,19925.34341287736
34103235006,宇品西六丁目,広島市南区,665,266,0.09315657275624813,7138.519380055205
34103236001,宇品御幸一丁目,広島市南区,2624,1174,0.11652716263471871,22518.354868259634
34103236002,宇品御幸二丁目,広島市南区,1325,711,0.10536216898657046,12575.671256054775
34103236003,宇品御幸三丁目,広島市南区,1691,908,0.08970331425401804,18851.031470381327
34103236004,宇品御幸四丁目,広島市南区,1276,669,0.10129076441694877,12597.397278467864
34103236005,宇品御幸五丁目,広島市南区,1133,618,0.06575743439550959,17229.990957149777
34103237001,宇品神田一丁目,広島市南区,683,426,0.06191587918860964,11031.095882841766
34103237002,宇品神田二丁目,広島市南区,1123,576,0.065098540373238,17250.770809320096
34103237003,宇品神田三丁目,広島市南区,827,458,0.06531231399822957,12662.237017393345
34103237004,宇品神田四丁目,広島市南区,854,409,0.05168888681970434,16521.926714708166
34103237005,宇品神田五丁目,広島市南区,2727,1380,0.12233835181411401,22290.638704561898
34103238001,宇品東一丁目,広島市南区,759,380,0.08690492241169376,8733.682499644812
34103238002,宇品東二丁目,広島市南区,787,397,0.08767516329608765,8976.316329656822
34103238003,宇品東三丁目,広島市南区,855,339,0.08282103752657963,10323.464007868848
34103238004,宇品東四丁目,広島市南区,12,2,0.3042418693436882,39.442303013344116
34103238005,宇品東五丁目,広島市南区,22,17,0.39054930371089214,56.33091594572579
34103238006,宇品東六丁目,広島市南区,748,254,0.0885212145872255,8449.951839092184
34103238007,宇品東七丁目,広島市南区,933,453,0.07947094993205622,11740.139016806384
34103239001,宇品海岸一丁目,広島市南区,1767,800,0.24932678314588438,7087.084579140882
34103239002,宇品海岸二丁目,広島市南区,1441,832,0.10800362153933296,13342.145193485145
34103239003,宇品海岸三丁目,広島市南区,724,287,0.46644501104535296,1552.1658134523486
34103240001,出島一丁目,広島市南区,1012,427,0.4203092910562246,2407.750724369843
34103240002,出島二丁目,広島市南区,155,98,0.5294094360491901,292.7790655880908
34103240003,出島三丁目,広島市南区,0,0,0.27029297949485775,0.0
34103240004,出島四丁目,広島市南区,0,0,0.22566163489667976,0.0
34103241001,霞一丁目,広島市南区,1002,665,0.27296436153963016,3670.80887170879
34103241002,霞二丁目,広島市南区,480,292,0.050043006679661974,9591.74981376723
34103242001,出汐一丁目,広島市南区,1274,760,0.06013550774486126,21185.486707873795
34103242002,出汐二丁目,広島市南区,1049,500,0.1869466699816657,5611.2259186156025
34103242003,出汐三丁目,広島市南区,516,324,0.0321319222942497,16058.79646025233
34103242004,出汐四丁目,広島市南区,223,175,0.01289282574944082,17296.44100787384
34103243001,旭一丁目,広島市南区,1229,640,0.10443664418300784,11767.90014285007
34103243002,旭二丁目,広島市南区,1204,586,0.09607421169811974,12531.97896416946
34103243003,旭三丁目,広島市南区,739,342,0.07107961946254303,10396.791732817765
341032440,西旭町,広島市南区,1556,753,0.09334648237419588,16669.080188394233
34103245001,翠一丁目,広島市南区,1126,506,0.13008870671798334,8655.632209804595
34103245002,翠二丁目,広島市南区,1763,855,0.11640407018170142,15145.518513639925
34103245003,翠三丁目,広島市南区,973,464,0.0818299581369276,11890.510787893363
34103245004,翠四丁目,広島市南区,1289,532,0.10960703459786134,11760.194085436475
34103245005,翠五丁目,広島市南区,1906,973,0.11463763523623188,16626.302488465826
341032460,西翠町,広島市南区,130,90,0.008635146962211892,15054.75246326329
34103247001,段原南一丁目,広島市南区,1794,998,0.12515865879822138,14333.806523863888
34103247002,段原南二丁目,広島市南区,1061,602,0.05317497388931489,19952.995223063004
34103248001,段原一丁目,広島市南区,686,416,0.02825132668844693,24282.04549701845
34103248002,段原二丁目,広島市南区,1555,824,0.0875863080958683,17753.916494550293
34103248003,段原三丁目,広島市南区,1953,1172,0.09719691946541184,20093.229402141576
34103248004,段原四丁目,広島市南区,858,423,0.07771647398627106,11040.130309457545
34103249001,段原日出一丁目,広島市南区,879,383,0.0679066410832689,12944.2420649572
34103249002,段原日出二丁目,広島市南区,550,226,0.056468933920585856,9739.868664308118
34103250001,段原山崎一丁目,広島市南区,576,226,0.03880739579704089,14842.53164042305
34103250002,段原山崎二丁目,広島市南区,1025,429,0.048051699347898845,21331.19148563099
34103250003,段原山崎三丁目,広島市南区,394,262,0.024847476709851272,15856.740891673357
34103260001,仁保南一丁目,広島市南区,731,295,0.1014548345224199,7205.17660337281
34103260002,仁保南二丁目,広島市南区,785,316,0.10525311089109604,7458.211860476303
341034980,,広島市南区,0,0,29.236987919321404,0.0
34104303001,中広町一丁目,広島市西区,1550,964,0.12915477190745872,12001.10516327339
34104303002,中広町二丁目,広島市西区,1851,1116,0.1894815511132112,9768.761070010805
34104303003,中広町三丁目,広島市西区,1871,1080,0.23303676798027437,8028.775957613576
341043090,天満町,広島市西区,2276,1425,0.1351496515178899,16840.590962964663
341043100,上天満町,広島市西区,1571,905,0.0920517226931382,17066.49212027302
341043240,観音町,広島市西区,2128,1301,0.12380837827207812,17187.851336874486
34104325001,観音本町一丁目,広島市西区,1392,769,0.13259332001567412,10498.266427263825
34104325002,観音本町二丁目,広島市西区,936,544,0.12350965095762939,7578.355154781382
34104326001,観音新町一丁目,広島市西区,2777,1211,0.24685773371754063,11249.394370514221
34104326002,観音新町二丁目,広島市西区,350,206,0.3190798474598907,1096.9041222322762
34104326003,観音新町三丁目,広島市西区,968,520,0.1957833233595808,4944.24133470319
34104326004,観音新町四丁目,広島市西区,55,21,1.8442029885515947,29.82318125576624
341043270,東観音町,広島市西区,2123,1235,0.20124694381436906,10549.228523729847
341043280,西観音町,広島市西区,1526,963,0.11921645383661957,12800.246533849344
341043290,南観音町,広島市西区,2139,1297,0.23596359109084689,9064.957818752966
341043320,都町,広島市西区,1089,624,0.07609257674513592,14311.514297215757
34104333001,福島町一丁目,広島市西区,912,529,0.1534276484774772,5944.169835424932
34104333002,福島町二丁目,広島市西区,1402,737,0.32668735205315713,4291.564981590939
34104334001,小河内町一丁目,広島市西区,827,428,0.1098035108774863,7531.635312851959
34104334002,小河内町二丁目,広島市西区,1708,1107,0.18841219506249515,9065.230620732735
341043380,草津本町,広島市西区,630,308,0.06756871081356848,9323.842240208756
341043410,草津浜町,広島市西区,1067,562,0.06543895414625185,16305.272813732989
341043430,古江新町,広島市西区,1725,790,0.10444563869461834,16515.768600387546
34104346001,三篠町一丁目,広島市西区,1840,1284,0.09900690624525918,18584.56212581742
34104346002,三篠町二丁目,広島市西区,1791,1146,0.09649802074693811,18559.9661644545
34104346003,三篠町三丁目,広島市西区,2027,1297,0.13244308071694544,15304.687787594292
341043480,三篠北町,広島市西区,1456,912,0.15502796680086087,9391.853805773546
34104349001,横川町一丁目,広島市西区,1268,797,0.10839125698003511,11698.360507375206
34104349002,横川町二丁目,広島市西区,1576,1072,0.07631182739693237,20652.106675450323
34104349003,横川町三丁目,広島市西区,1271,876,0.10313300946805502,12323.891318168955
341043500,横川新町,広島市西区,1851,1123,0.13201031806720964,14021.631241412593
34104351001,楠木町一丁目,広島市西区,2482,1827,0.14574966920182356,17029.198169658324
34104351002,楠木町二丁目,広島市西区,928,573,0.07132368703234165,13011.105266882787
34104351003,楠木町三丁目,広島市西区,1344,742,0.11643958589433417,11542.466332881364
34104351004,楠木町四丁目,広島市西区,1215,763,0.11946782089617498,10170.102634214038
341043520,三滝町,広島市西区,1623,948,0.18148277730040535,8942.99736946099
341043540,新庄町,広島市西区,1274,666,0.21038564870298668,6055.546126145599
341043550,打越町,広島市西区,1562,855,0.16571124729278539,9426.03489816352
341043560,山手町,広島市西区,796,389,0.9544773953517995,833.9642236436745
341043570,井口町,広島市西区,0,0,0.34169805867193326,0.0
34104388001,庚午北一丁目,広島市西区,2038,1166,0.2367797348317132,8607.155512900928
34104388002,庚午北二丁目,広島市西区,1861,993,0.13288767797471254,14004.30821249005
34104388003,庚午北三丁目,広島市西区,1053,491,0.07334419881591255,14356.96369992311
34104388004,庚午北四丁目,広島市西区,2030,925,0.1276896910062137,15897.916143451355
34104389001,庚午中一丁目,広島市西区,2626,1217,0.20871033494278868,12582.031458671343
34104389002,庚午中二丁目,広島市西区,2083,980,0.13682410116107618,15223.926065100095
34104389003,庚午中三丁目,広島市西区,1294,599,0.08920635972355913,14505.692239992375
34104389004,庚午中四丁目,広島市西区,2292,1079,0.17314880061964472,13237.169369915691
34104390001,庚午南一丁目,広島市西区,2640,1152,0.15722535396769738,16791.18496716757
34104390002,庚午南二丁目,広島市西区,2296,1125,0.20731111547777145,11075.141796949061
34104391001,高須一丁目,広島市西区,1510,763,0.14038673340424396,10756.0021049279
34104391002,高須二丁目,広島市西区,945,424,0.09860580089613424,9583.614669844925
34104391003,高須三丁目,広島市西区,1254,541,0.1155924300359791,10848.461266967759
34104391004,高須四丁目,広島市西区,871,429,0.20304864882648993,4289.612391089048
341043920,古江東町,広島市西区,2493,1064,0.22718334939497556,10973.515473907948
341043930,古江西町,広島市西区,3567,1507,0.3635495279892889,9811.592989071609
34104394001,古江上一丁目,広島市西区,1129,460,0.4398918695260815,2566.539820834449
34104394002,古江上二丁目,広島市西区,1051,453,0.09993222584255025,10517.127894818626
34104395001,田方一丁目,広島市西区,1996,818,0.43336872801547227,4605.777646071265
34104395002,田方二丁目,広島市西区,1441,516,0.99505717086065,1448.1579975486663
34104395003,田方三丁目,広島市西区,1094,473,0.8430557881643993,1297.660267990077
341043960,山田町,広島市西区,288,119,0.9199748525862974,313.05203527069716
34104397001,大芝一丁目,広島市西区,1383,788,0.09683142680847831,14282.553150181488
34104397002,大芝二丁目,広島市西区,1399,655,0.11039448226127821,12672.734826446222
34104397003,大芝三丁目,広島市西区,1153,745,0.17054832213397192,6760.547307491402
34104398001,大宮一丁目,広島市西区,1449,808,0.12761039285008866,11354.874533630067
34104398002,大宮二丁目,広島市西区,846,406,0.09139274537527889,9256.75223483151
34104398003,大宮三丁目,広島市西区,363,243,0.06544796147231297,5546.391237159665
341043990,大芝公園,広島市西区,0,0,0.10593295824048782,0.0
34104405001,南観音一丁目,広島市西区,2322,1161,0.16727648448614915,13881.20994491767
34104405002,南観音二丁目,広島市西区,2274,1237,0.13822788414410195,16451.09461148494
34104405003,南観音三丁目,広島市西区,1209,643,0.13136008352851808,9203.709129322591
34104405004,南観音四丁目,広島市西区,1237,604,0.17677940143148918,6997.421588619865
34104405005,南観音五丁目,広島市西区,1091,427,0.19667155102188982,5547.31985552181
34104405006,南観音六丁目,広島市西区,1332,550,0.12088550977797388,11018.690349624509
34104405007,南観音七丁目,広島市西区,1437,693,0.12519072447932528,11478.486173608768
34104405008,南観音八丁目,広島市西区,1602,754,0.1566444534284314,10226.981964171051
34104414001,草津東一丁目,広島市西区,1235,640,0.11864472786189922,10409.227803510346
34104414002,草津東二丁目,広島市西区,1272,625,0.1210426515796501,10508.692460053897
34104414003,草津東三丁目,広島市西区,362,197,0.04903586279245442,7382.352004943291
34104415001,草津南一丁目,広島市西区,675,323,0.0709429018119694,9514.693968806825
34104415002,草津南二丁目,広島市西区,697,374,0.04818232068950005,14465.886865260334
34104415003,草津南三丁目,広島市西区,234,138,0.07005075730364956,3340.434978963588
34104415004,草津南四丁目,広島市西区,749,324,0.07656055550034183,9783.105609737326
34104416001,井口一丁目,広島市西区,1919,797,0.21352322005238888,8987.312946709799
34104416002,井口二丁目,広島市西区,2401,941,0.30004836443775246,8002.043285585406
34104416003,井口三丁目,広島市西区,2382,1040,0.19125129600477,12454.817560768794
34104416004,井口四丁目,広島市西区,2539,1062,0.31439038148466875,8075.946814943556
34104416005,井口五丁目,広島市西区,2707,1065,0.24636856141012656,10987.603225452505
34104417001,井口鈴が台一丁目,広島市西区,1456,594,0.09600765697768279,15165.457067017589
34104417002,井口鈴が台二丁目,広島市西区,568,226,0.06813124767583711,8336.850114685958
34104417003,井口鈴が台三丁目,広島市西区,1148,491,0.13888230510929864,8265.991834572002
341044180,竜王町,広島市西区,1387,605,0.4549419487976252,3048.7406221073456
34104419001,三滝本町一丁目,広島市西区,1594,682,0.3938987793282101,4046.724904094775
34104419002,三滝本町二丁目,広島市西区,1527,600,0.5560606629074435,2746.1032614964347
341044200,三滝山,広島市西区,2,1,0.907305278663794,2.2043297300611306
34104421001,己斐本町一丁目,広島市西区,993,643,0.1798646601165518,5520.817704581537
34104421002,己斐本町二丁目,広島市西区,1626,1051,0.19831708024046749,8198.99122167596
34104421003,己斐本町三丁目,広島市西区,1960,988,0.11194526780139377,17508.55608722388
34104422001,己斐中一丁目,広島市西区,1028,602,0.09895857749293711,10388.184895577855
34104422002,己斐中二丁目,広島市西区,719,350,0.12796489934843372,5618.728289249426
34104422003,己斐中三丁目,広島市西区,2048,938,0.2620719295272156,7814.64845813378
341044230,己斐西町,広島市西区,2030,1025,0.29278596022417763,6933.392565837817
34104424001,己斐東一丁目,広島市西区,464,223,0.41547861900355515,1116.7843031557532
34104424002,己斐東二丁目,広島市西区,921,408,0.1766831296282641,5212.721791479219
34104425001,己斐上一丁目,広島市西区,748,347,0.12070810237940724,6196.767120477975
34104425002,己斐上二丁目,広島市西区,3305,1357,1.0568459589663315,3127.2296326254764
34104425003,己斐上三丁目,広島市西区,2557,1115,0.915328265932686,2793.533309489258
34104425004,己斐上四丁目,広島市西区,1115,456,0.3435411610033844,3245.6081732488983
34104425005,己斐上五丁目,広島市西区,2039,810,1.628282297601,1252.2398622180708
34104425006,己斐上六丁目,広島市西区,304,34,0.5761438507559307,527.6460029923711
341044260,草津梅が台,広島市西区,827,332,0.12491680903548259,6620.406063727507
341044270,鈴が峰町,広島市西区,4566,2055,0.5303217896505985,8609.86685651423
34104428001,井口明神一丁目,広島市西区,1272,447,0.1859518738490299,6840.479601903383
34104428002,井口明神二丁目,広島市西区,644,248,0.16729886246357545,3849.398558464273
34104428003,井口明神三丁目,広島市西区,824,365,0.07937089277756933,10381.63955531148
34104429001,草津新町一丁目,広島市西区,2193,955,0.16532542773823636,13264.747171694777
34104429002,草津新町二丁目,広島市西区,1770,798,0.19992763391289836,8853.203358426823
34104430001,商工センター一丁目,広島市西区,0,0,0.20543679154764624,0.0
34104430002,商工センター二丁目,広島市西区,0,0,0.2122147728634541,0.0
34104430003,商工センター三丁目,広島市西区,0,0,0.11166797694451358,0.0
34104430004,商工センター四丁目,広島市西区,0,0,0.11557523335613812,0.0
34104430005,商工センター五丁目,広島市西区,0,0,0.13219008891469783,0.0
34104430006,商工センター六丁目,広島市西区,0,0,0.12923722952305738,0.0
34104430007,商工センター七丁目,広島市西区,0,0,0.15801292273538578,0.0
34104430008,商工センター八丁目,広島市西区,2,1,0.29176559080159453,6.85481791908777
34104431001,草津港一丁目,広島市西区,0,0,0.5695629959338543,0.0
34104431002,草津港二丁目,広島市西区,0,0,0.19171420313097345,0.0
34104431003,草津港三丁目,広島市西区,1,1,0.15076930222312127,6.632649917820239
34104432001,扇一丁目,広島市西区,0,0,0.16483945641549325,0.0
34104432002,扇二丁目,広島市西区,7,3,0.3054928613751977,22.913792382869456
34104433001,己斐大迫一丁目,広島市西区,947,394,0.11193317267499477,8460.405234377444
34104433002,己斐大迫二丁目,広島市西区,1057,432,0.12619198978954477,8376.125947160352
34104433003,己斐大迫三丁目,広島市西区,1676,713,0.3074412711327215,5451.447666167356
34104434001,山田新町一丁目,広島市西区,846,334,0.15544039301457532,5442.600752564183
34104434002,山田新町二丁目,広島市西区,996,372,0.13687711819544227,7276.5997204722335
34104435001,井口台一丁目,広島市西区,1669,694,0.14714902012514003,11342.243384160025
34104435002,井口台二丁目,広島市西区,2082,831,0.23254266322435266,8953.195818486549
34104435003,井口台三丁目,広島市西区,2807,1133,0.26928253295282206,10423.995827801362
34104435004,井口台四丁目,広島市西区,252,102,0.08393546728684596,3002.3065117252577
34104436001,高須台一丁目,広島市西区,673,225,0.0884865474641207,7605.675882798867
34104436002,高須台二丁目,広島市西区,549,203,0.0704514133701262,7792.604487801443
34104436003,高須台三丁目,広島市西区,1072,368,0.11219143039200848,9555.097000317413
34104436004,高須台四丁目,広島市西区,690,221,0.07395272812828842,9330.2845948162
34104436005,高須台五丁目,広島市西区,654,222,0.06588924267807339,9925.74771568346
34104436006,高須台六丁目,広島市西区,601,206,0.21980391876613967,2734.255164210397
34104437001,古田台一丁目,広島市西区,252,80,0.17475386467204423,1442.0281947579326
34104437002,古田台二丁目,広島市西区,466,139,0.15615656302736125,2984.1845322783456
341044990,,広島市西区,0,0,15.807159222322037,0.0
34105169001,山本新町一丁目,広島市安佐南区,408,113,0.15984660774928067,2552.4470349721014
34105169002,山本新町二丁目,広島市安佐南区,1133,311,0.17432375256510596,6499.40116208117
34105169003,山本新町三丁目,広島市安佐南区,2484,667,0.18584158203064224,13366.222848826314
34105169004,山本新町四丁目,広島市安佐南区,715,193,0.16115384934992735,4436.754088619121
34105169005,山本新町五丁目,広島市安佐南区,2705,738,0.2262951916954655,11953.413502661722
34105731001,伴南一丁目,広島市安佐南区,1571,515,0.4965556919347849,3163.794163508103
34105731002,伴南二丁目,広島市安佐南区,3,3,0.5611456072439952,5.346205978042258
34105731003,伴南三丁目,広島市安佐南区,0,0,0.11413865603663975,0.0
34105731004,伴南四丁目,広島市安佐南区,1689,515,0.23357600078445864,7231.051111105334
34105731005,伴南五丁目,広島市安佐南区,2949,807,0.34212302667864497,8619.706275339327
341057321,伴北,広島市安佐南区,2779,776,0.40722902513737513,6824.16976310205
34105732204,伴北四丁目,広島市安佐南区,9,3,0.3523812065395973,25.540522119157522
34105732205,伴北五丁目,広島市安佐南区,276,109,0.5208571008124137,529.8958189674393
34105732206,伴北六丁目,広島市安佐南区,57,24,0.49343342911648824,115.51710248343068
34105733101,伴西一丁目,広島市安佐南区,0,0,0.20731524460198117,0.0
34105733102,伴西二丁目,広島市安佐南区,0,0,0.22080926509495555,0.0
34105733103,伴西三丁目,広島市安佐南区,0,0,0.2252255592184639,0.0
34105733104,伴西四丁目,広島市安佐南区,546,211,0.0815397111727457,6696.1237922866
34105733203,伴西三丁目,広島市安佐南区,1,1,0.018309960087415866,54.615083551562925
34105733204,伴西四丁目,広島市安佐南区,84,29,0.5324384802138603,157.7647054477738
34105733205,伴西五丁目,広島市安佐南区,125,37,0.3659271827106342,341.5980170537011
34105733206,伴西六丁目,広島市安佐南区,138,53,0.5146310681595652,268.1532626732362
34105750001,伴東一丁目,広島市安佐南区,2465,995,0.32948271198756385,7481.424397444684
34105750002,伴東二丁目,広島市安佐南区,1829,765,0.3547768819794834,5155.352822864513
34105750003,伴東三丁目,広島市安佐南区,996,304,0.42228619190135874,2358.590025204173
34105750004,伴東四丁目,広島市安佐南区,1210,541,0.4967659964881909,2435.754477065469
34105750005,伴東五丁目,広島市安佐南区,1410,743,0.2967310036615765,4751.77848826378
34105750006,伴東六丁目,広島市安佐南区,63,8,0.18122708090824988,347.6301647869896
34105750007,伴東七丁目,広島市安佐南区,3361,1453,0.561255777684563,5988.3570622037305
34105750008,伴東八丁目,広島市安佐南区,2880,1144,0.4219911855130444,6824.787101888352
34105751001,大塚東一丁目,広島市安佐南区,51,21,0.6573711459949888,77.58174405846036
34105751002,大塚東二丁目,広島市安佐南区,248,177,0.5269142656985358,470.6648047784847
34105751003,大塚東三丁目,広島市安佐南区,202,10,0.7218481410670948,279.8372517817766
34105752001,大塚西一丁目,広島市安佐南区,240,147,0.6851661704715222,350.27999096166
34105752002,大塚西二丁目,広島市安佐南区,865,378,0.5310834296411053,1628.7459779804244
34105752003,大塚西三丁目,広島市安佐南区,3369,1469,0.4980832454824689,6763.929585177301
34105752004,大塚西四丁目,広島市安佐南区,201,47,0.1590888331547884,1263.4450577963155
34105752005,大塚西五丁目,広島市安佐南区,83,35,0.6310432965180158,131.52821756918925
34105752006,大塚西六丁目,広島市安佐南区,1313,527,0.2671162418041538,4915.462987693107
34105752007,大塚西七丁目,広島市安佐南区,2754,946,0.37891092738699317,7268.198937918875
341057720,沼田町大字伴,広島市安佐南区,0,0,1.497127427084082,0.0
341057740,沼田町大字阿戸,広島市安佐南区,762,332,17.754348906000143,42.919061917414474
341057750,沼田町大字吉山,広島市安佐南区,974,381,15.314571067533382,63.59956120905421
34105847001,川内一丁目,広島市安佐南区,3681,1424,0.3709205657565733,9923.957687522121
34105847002,川内二丁目,広島市安佐南区,2545,966,0.3857766366596839,6597.0817259343075
34105847003,川内三丁目,広島市安佐南区,1733,626,0.3222992822653021,5376.989944934079
34105847004,川内四丁目,広島市安佐南区,1636,635,0.28704333354821787,5699.48787793458
34105847005,川内五丁目,広島市安佐南区,2511,949,0.35018635788760694,7170.467790769596
34105847006,川内六丁目,広島市安佐南区,2638,1055,0.5747238166644217,4590.0307652298225
34105848001,八木一丁目,広島市安佐南区,632,288,0.3252140263081506,1943.3356155467907
34105848002,八木二丁目,広島市安佐南区,506,212,0.2460181493164954,2056.7588261508513
34105848003,八木三丁目,広島市安佐南区,1844,789,0.3493523253962867,5278.33898889399
34105848004,八木四丁目,広島市安佐南区,2321,1106,0.272226690237023,8525.98251104308
34105848005,八木五丁目,広島市安佐南区,1498,425,0.3779557477984792,3963.4269586467913
34105848006,八木六丁目,広島市安佐南区,1177,561,0.1367395397277746,8607.605395946255
34105848007,八木七丁目,広島市安佐南区,604,278,0.07066901570003209,8546.885703966664
34105848008,八木八丁目,広島市安佐南区,791,362,0.35404818126568527,2234.1591959949
34105848009,八木九丁目,広島市安佐南区,2849,1201,0.523493912767922,5442.27913737563
34105849001,緑井一丁目,広島市安佐南区,2021,911,0.27684350489277326,7300.153206710671
34105849002,緑井二丁目,広島市安佐南区,1858,916,0.2050374621446,9061.758668714256
34105849003,緑井三丁目,広島市安佐南区,2292,1049,0.3730619712686423,6143.751377836173
34105849004,緑井四丁目,広島市安佐南区,2489,1033,0.22479789550863977,11072.167710326003
34105849005,緑井五丁目,広島市安佐南区,1515,648,0.21480123839058046,7053.031962717196
34105849006,緑井六丁目,広島市安佐南区,2146,899,0.33820410098978787,6345.280834027494
34105849007,緑井七丁目,広島市安佐南区,2542,984,0.273493053050546,9294.568807677162
34105849008,緑井八丁目,広島市安佐南区,1400,601,0.26904502608077946,5203.589973001979
341058500,八木町,広島市安佐南区,79,40,5.931636822374881,13.318414860127993
341058510,緑井町,広島市安佐南区,0,0,2.3333192174442074,0.0
34105865001,東野一丁目,広島市安佐南区,1835,783,0.3510819943224733,5226.699260214778
34105865002,東野二丁目,広島市安佐南区,3064,1183,0.29298923727058024,10457.722026049534
34105865003,東野三丁目,広島市安佐南区,2343,990,0.31556132048330854,7424.864354134086
34105866001,大町東一丁目,広島市安佐南区,2729,1352,0.19152963256409083,14248.447947535247
34105866002,大町東二丁目,広島市安佐南区,1225,571,0.15794944088063073,7755.646320557638
34105866003,大町東三丁目,広島市安佐南区,2947,1401,0.30480716559010795,9668.40787451501
34105866004,大町東四丁目,広島市安佐南区,625,281,0.10438388669400146,5987.514163293906
34105867001,大町西一丁目,広島市安佐南区,2739,1052,0.31625079981679605,8660.84766137098
34105867002,大町西二丁目,広島市安佐南区,1233,500,0.17821369178872754,6918.660332011541
34105867003,大町西三丁目,広島市安佐南区,1041,470,0.17212667854205255,6047.871305119454
34105869001,毘沙門台一丁目,広島市安佐南区,1123,415,0.18293237328938192,6138.880613676393
34105869002,毘沙門台二丁目,広島市安佐南区,1862,751,0.35417599449828713,5257.2733017596
34105869003,毘沙門台三丁目,広島市安佐南区,1396,545,0.3042451473516116,4588.405146809666
34105869004,毘沙門台四丁目,広島市安佐南区,902,377,0.13232654275329947,6816.470688587602
34105870001,安東一丁目,広島市安佐南区,1206,532,0.19357181787526936,6230.245772538555
34105870002,安東二丁目,広島市安佐南区,1028,543,0.15956852445953068,6442.373290609192
34105870003,安東三丁目,広島市安佐南区,583,231,0.13092703286793872,4452.86192797213
34105870004,安東四丁目,広島市安佐南区,1812,735,0.2720479703486291,6660.590033727965
34105870005,安東五丁目,広島市安佐南区,1546,617,0.2073567839906006,7455.748349521468
34105870006,安東六丁目,広島市安佐南区,808,435,0.29631235292637503,2726.852228805879
34105870007,安東七丁目,広島市安佐南区,680,268,0.07998961728086294,8501.10330709991
34105871001,上安一丁目,広島市安佐南区,1790,999,0.1667017440645217,10737.74008811319
34105871002,上安二丁目,広島市安佐南区,3819,1851,0.43949088502279743,8689.600012527904
34105871003,上安三丁目,広島市安佐南区,605,311,0.12535785632310908,4826.183358150416
34105871004,上安四丁目,広島市安佐南区,1016,415,0.17972159621985573,5653.1881608547155
34105871005,上安五丁目,広島市安佐南区,2116,980,0.22117528537314346,9567.072543526323
34105871006,上安六丁目,広島市安佐南区,896,325,0.15403574755327915,5816.831574697193
34105871007,上安七丁目,広島市安佐南区,610,238,0.3065691168472037,1989.7633730146028
341058720,上安町,広島市安佐南区,2,1,2.1723241666898176,0.9206729044715252
34105873001,相田一丁目,広島市安佐南区,1650,749,0.1959400252323549,8420.944102887363
34105873002,相田二丁目,広島市安佐南区,825,373,0.18979542658060528,4346.78545665391
34105873003,相田三丁目,広島市安佐南区,2370,988,0.2885201513057462,8214.330920298526
34105873004,相田四丁目,広島市安佐南区,711,310,0.1556501858023327,4567.935440198777
34105873005,相田五丁目,広島市安佐南区,1128,479,0.19530524209540362,5775.574623076371
34105873006,相田六丁目,広島市安佐南区,869,397,0.26011739680071694,3340.7992340695487
34105873007,相田七丁目,広島市安佐南区,1995,812,0.22732550301796314,8775.962105062872
341058740,相田町,広島市安佐南区,0,0,2.0757946537497327,0.0
34105875001,高取南一丁目,広島市安佐南区,1283,527,0.3907964381596848,3283.039134240391
34105875002,高取南二丁目,広島市安佐南区,1651,680,0.309731654185743,5330.420632467587
34105875003,高取南三丁目,広島市安佐南区,895,344,0.14531009557103988,6159.241699503585
34105876001,高取北一丁目,広島市安佐南区,2329,1022,0.3379357743540535,6891.8421095007225
34105876002,高取北二丁目,広島市安佐南区,1032,413,0.1345849956923746,7668.016740579885
34105876003,高取北三丁目,広島市安佐南区,767,332,0.1795122460261276,4272.689005787187
34105876004,高取北四丁目,広島市安佐南区,1631,659,0.2188614175949031,7452.204312314493
341058770,高取南町,広島市安佐南区,15,6,0.9321956839116261,16.091042105084483
341058780,高取北町,広島市安佐南区,0,0,1.3949507291262013,0.0
34105879001,長楽寺一丁目,広島市安佐南区,2947,1203,0.42692257231507263,6902.8910418563855
34105879002,長楽寺二丁目,広島市安佐南区,654,372,0.26724132290875374,2447.226322941457
34105879003,長楽寺三丁目,広島市安佐南区,1316,511,0.24270822495882796,5422.148343852958
341058800,長楽寺町,広島市安佐南区,0,0,0.6263744659611098,0.0
34105881001,長束一丁目,広島市安佐南区,1872,858,0.27698062960997244,6758.595366889152
34105881002,長束二丁目,広島市安佐南区,1227,531,0.14527584909847363,8446.001228795376
34105881003,長束三丁目,広島市安佐南区,2618,1341,0.22520634598444428,11624.89444316473
34105881004,長束四丁目,広島市安佐南区,1092,599,0.11742013286617338,9299.93837806826
34105881005,長束五丁目,広島市安佐南区,2142,1029,0.19807137142932965,10814.283682406112
34105881006,長束六丁目,広島市安佐南区,1313,553,0.09063344981739564,14486.92511038006
34105882001,長束西一丁目,広島市安佐南区,1391,622,0.22414708508980444,6205.746550050813
34105882002,長束西二丁目,広島市安佐南区,2340,1012,0.21332544214296126,10969.155748576091
34105882003,長束西三丁目,広島市安佐南区,642,282,0.13114356689158918,4895.398342571498
34105882004,長束西四丁目,広島市安佐南区,1128,513,0.16684917868135998,6760.596659299094
34105882005,長束西五丁目,広島市安佐南区,462,182,0.0709512301397225,6511.51500953817
341058830,長束町,広島市安佐南区,1,1,0.731775806628103,1.3665387553707575
34105884001,東原一丁目,広島市安佐南区,2019,1047,0.31492288337276203,6411.093339349964
34105884002,東原二丁目,広島市安佐南区,1204,493,0.2359299578628106,5103.2094902509425
34105884003,東原三丁目,広島市安佐南区,4172,1635,0.24990049924424318,16694.644518986923
34105885001,西原一丁目,広島市安佐南区,2048,1050,0.1851172653613458,11063.257638353389
34105885002,西原二丁目,広島市安佐南区,3747,1903,0.3292138655283698,11381.65913512262
34105885003,西原三丁目,広島市安佐南区,1549,782,0.1936075931107401,8000.71926473462
34105885004,西原四丁目,広島市安佐南区,3466,1811,0.2831904679007428,12239.112515661438
34105885005,西原五丁目,広島市安佐南区,1229,615,0.14299647978669125,8594.617167033111
34105885006,西原六丁目,広島市安佐南区,1686,789,0.18762361532365796,8986.075644537523
34105885007,西原七丁目,広島市安佐南区,1928,784,0.1835832327900343,10502.048420756759
34105885008,西原八丁目,広島市安佐南区,2602,1196,0.24624307969911238,10566.79441785498
34105885009,西原九丁目,広島市安佐南区,1221,526,0.14921094811277383,8183.045650759934
34105886001,山本一丁目,広島市安佐南区,1898,943,0.1488576386747657,12750.437376928165
34105886002,山本二丁目,広島市安佐南区,1070,485,0.07846185387253309,13637.200081179471
34105886003,山本三丁目,広島市安佐南区,1195,511,0.10980030973226775,10883.393707302243
34105886004,山本四丁目,広島市安佐南区,1482,619,0.16850716016154507,8794.878499995079
34105886005,山本五丁目,広島市安佐南区,2085,834,0.26817497416128544,7774.774684031636
34105886006,山本六丁目,広島市安佐南区,1161,453,0.2142940261058096,5417.789852092031
34105886007,山本七丁目,広島市安佐南区,1514,553,0.23247392652662918,6512.55830114168
34105886008,山本八丁目,広島市安佐南区,1052,427,0.21410975210451214,4913.36797908436
34105886009,山本九丁目,広島市安佐南区,1523,607,0.2576366678454376,5911.425624064057
341058870,山本町,広島市安佐南区,9,3,3.7669557478090097,2.3891971667664818
34105888001,祇園一丁目,広島市安佐南区,2569,1360,0.17810966595975555,14423.697816492866
34105888002,祇園二丁目,広島市安佐南区,2844,1419,0.24259623130620198,11723.182939352171
34105888003,祇園三丁目,広島市安佐南区,3456,1552,0.44800959949349456,7714.120420426803
34105888004,祇園四丁目,広島市安佐南区,1156,468,0.24849600136473518,4651.986324332265
34105888005,祇園五丁目,広島市安佐南区,1832,968,0.37170068034647397,4928.696924343359
34105888006,祇園六丁目,広島市安佐南区,2129,972,0.1635202121829509,13019.797195578589
34105888007,祇園七丁目,広島市安佐南区,1825,877,0.1618370783773423,11276.773025677074
34105888008,祇園八丁目,広島市安佐南区,855,407,0.217822739455085,3925.210022327815
341058890,祇園町,広島市安佐南区,0,0,0.883657955071937,0.0
34105895001,古市一丁目,広島市安佐南区,1675,829,0.2079566065477399,8054.564977792499
34105895002,古市二丁目,広島市安佐南区,1381,699,0.1394584206724381,9902.593140960002
34105895003,古市三丁目,広島市安佐南区,1644,859,0.14150269216933245,11618.15351210894
34105895004,古市四丁目,広島市安佐南区,517,326,0.04302770277383717,12015.514811875104
34105896001,中須一丁目,広島市安佐南区,2601,1281,0.2528843678658609,10285.3332610091
34105896002,中須二丁目,広島市安佐南区,1383,642,0.16124048054646223,8577.250547212812
34105897001,中筋一丁目,広島市安佐南区,1840,997,0.27832221007882163,6611.042645424908
34105897002,中筋二丁目,広島市安佐南区,893,417,0.09456775946408139,9442.964547967093
34105897003,中筋三丁目,広島市安佐南区,2232,1004,0.15054866437149778,14825.770851691244
34105897004,中筋四丁目,広島市安佐南区,900,376,0.13745419112168433,6547.635926235638
34105898001,毘沙門台東一丁目,広島市安佐南区,966,301,0.13582615244433383,7112.032422444563
34105898002,毘沙門台東二丁目,広島市安佐南区,348,130,0.06916073374281637,5031.756911285608
341058990,伴東町,広島市安佐南区,1,1,2.6748274736367947,0.37385588784923124
34105900001,伴中央一丁目,広島市安佐南区,454,190,0.20829006599739378,2179.6526772701714
34105900002,伴中央二丁目,広島市安佐南区,747,421,0.22171457057358596,3369.196702171969
34105900003,伴中央三丁目,広島市安佐南区,110,39,0.9209877093669887,119.43699018047154
34105900004,伴中央四丁目,広島市安佐南区,818,503,0.4097954262779031,1996.117934818708
34105900005,伴中央五丁目,広島市安佐南区,686,264,0.2587100956157973,2651.616661372034
34105900006,伴中央六丁目,広島市安佐南区,834,452,0.4478407054841211,1862.26930644555
34105900007,伴中央七丁目,広島市安佐南区,331,126,0.4661290789506527,710.1037350966077
341059010,伴西町,広島市安佐南区,0,0,9.978275650107216,0.0
341059020,伴北町,広島市安佐南区,0,0,2.2142123977459987,0.0
341059030,大塚西町,広島市安佐南区,0,0,0.33449457232560065,0.0
341059040,大塚東町,広島市安佐南区,0,0,1.5463406950438172,0.0
34106715001,口田一丁目,広島市安佐北区,1960,787,0.34174361754438576,5735.293651081675
34106715002,口田二丁目,広島市安佐北区,1263,538,0.3008759499622828,4197.743289745582
34106715003,口田三丁目,広島市安佐北区,1557,631,0.22984286836048198,6774.193217768347
34106715004,口田四丁目,広島市安佐北区,1020,470,0.15654914583450039,6515.525808606564
34106715005,口田五丁目,広島市安佐北区,1827,728,0.2641221767157218,6917.253305717014
341067160,口田町,広島市安佐北区,0,0,0.17052619900910218,0.0
34106717001,口田南一丁目,広島市安佐北区,1335,516,0.6037400007501613,2211.21674618417
34106717002,口田南二丁目,広島市安佐北区,1172,492,0.21643157051312487,5415.106480174654
34106717003,口田南三丁目,広島市安佐北区,1389,619,0.24252076321301544,5727.344667722273
34106717004,口田南四丁目,広島市安佐北区,1317,514,0.22208812277266982,5930.078491176612
34106717005,口田南五丁目,広島市安佐北区,250,89,0.11397633092458259,2193.4378653180493
34106717006,口田南六丁目,広島市安佐北区,534,215,0.22544608068001115,2368.6373184634667
34106717007,口田南七丁目,広島市安佐北区,1612,701,0.2834030850370226,5688.011475913944
34106717008,口田南八丁目,広島市安佐北区,1802,671,0.28567712003944645,6307.820520422422
34106717009,口田南九丁目,広島市安佐北区,1651,645,0.24745494258016595,6671.921695260296
341067180,口田南町,広島市安佐北区,11,3,2.1137557319385594,5.2040071772681715
34106719001,落合一丁目,広島市安佐北区,1966,917,0.299631309422583,6561.397084265534
34106719002,落合二丁目,広島市安佐北区,1583,671,0.5613891976841583,2819.7906310456074
34106719003,落合三丁目,広島市安佐北区,1038,532,0.18287239152203866,5676.089164475692
34106719004,落合四丁目,広島市安佐北区,1180,651,0.17155430559114218,6878.288457605034
34106719005,落合五丁目,広島市安佐北区,735,325,0.19781931385739723,3715.5118257555087
341067200,落合町,広島市安佐北区,0,0,0.27015781312639575,0.0
34106721001,落合南一丁目,広島市安佐北区,2390,954,0.31798287755124127,7516.127970176206
34106721002,落合南二丁目,広島市安佐北区,1779,653,0.3343739315881974,5320.390831755841
34106721003,落合南三丁目,広島市安佐北区,1537,653,0.24936835812225627,6163.572682491114
34106721004,落合南四丁目,広島市安佐北区,2400,890,0.25630091491110285,9363.993104872186
34106721005,落合南五丁目,広島市安佐北区,163,64,0.18095713871319044,900.765789949565
34106721006,落合南六丁目,広島市安佐北区,0,0,0.34311315938232073,0.0
34106721007,落合南七丁目,広島市安佐北区,598,250,0.3333760689918707,1793.770026170001
34106721008,落合南八丁目,広島市安佐北区,475,190,0.1615909888746415,2939.520348925483
34106721009,落合南九丁目,広島市安佐北区,755,289,0.09480250009975152,7963.924993598126
341067220,落合南町,広島市安佐北区,145,5,2.8795480193980842,50.35512484015097
34106723001,真亀一丁目,広島市安佐北区,449,175,0.1774322740779703,2530.543004835145
34106723002,真亀二丁目,広島市安佐北区,1102,452,0.13590862351935448,8108.389088666374
34106723003,真亀三丁目,広島市安佐北区,575,263,0.18638585395009188,3084.9980715487477
34106723004,真亀四丁目,広島市安佐北区,1014,471,0.0509014409008484,19920.850609616027
34106723005,真亀五丁目,広島市安佐北区,1243,540,0.2828429594291045,4394.664808022425
34106724001,亀崎一丁目,広島市安佐北区,764,324,0.15097413902558515,5060.4693289261095
34106724002,亀崎二丁目,広島市安佐北区,1019,469,0.15688325604876865,6495.275695216538
34106724003,亀崎三丁目,広島市安佐北区,1282,569,0.15384719113327072,8332.94381624077
34106724004,亀崎四丁目,広島市安佐北区,547,167,0.1784037262930361,3066.0794556584992
34106725001,倉掛一丁目,広島市安佐北区,876,359,0.19255637552648844,4549.317038217183
34106725002,倉掛二丁目,広島市安佐北区,1144,486,0.2661381817931646,4298.518883281038
34106725003,倉掛三丁目,広島市安佐北区,1172,376,0.22054209790168094,5314.178159865356
34106726001,深川一丁目,広島市安佐北区,1406,514,0.37161975719257967,3783.437163356702
34106726002,深川二丁目,広島市安佐北区,1127,471,0.4324260762460346,2606.225808081884
34106726003,深川三丁目,広島市安佐北区,1008,383,0.2638548943036663,3820.281608420381
34106726004,深川四丁目,広島市安佐北区,606,240,0.3164865747851534,1914.773163478996
34106726005,深川五丁目,広島市安佐北区,671,284,0.29373712171887073,2284.3554674788406
34106726006,深川六丁目,広島市安佐北区,1431,537,0.3605794646336463,3968.612026904848
34106726007,深川七丁目,広島市安佐北区,863,293,0.316002144691656,2730.9941229737087
34106726008,深川八丁目,広島市安佐北区,274,88,0.30472940323245407,899.1583913252604
341067270,深川町,広島市安佐北区,0,0,1.6498997126750719,0.0
341067270,深川町,広島市安佐北区,0,0,6.730295977435931,0.0
341067280,上深川町,広島市安佐北区,1835,824,5.530719650945577,331.7832245730035
341067290,小河原町,広島市安佐北区,1799,764,7.874116686398387,228.47007120272443
341067300,狩留家町,広島市安佐北区,1102,455,11.574584640995655,95.20860006473676
34106740001,可部一丁目,広島市安佐北区,1147,528,0.3067395885900906,3739.328220632081
34106740002,可部二丁目,広島市安佐北区,1098,521,0.20388154456438987,5385.480095052103
34106740003,可部三丁目,広島市安佐北区,2035,935,0.2872185060895909,7085.198052542029
34106740004,可部四丁目,広島市安佐北区,728,353,0.18130980017187961,4015.2269723416184
34106740005,可部五丁目,広島市安佐北区,747,331,0.14210730271581756,5256.59122173215
34106740006,可部六丁目,広島市安佐北区,2096,850,0.3067775091042352,6832.313118781574
34106740007,可部七丁目,広島市安佐北区,1924,578,0.2996319052457652,6421.21204823595
34106740008,可部八丁目,広島市安佐北区,959,413,0.19293801426402243,4970.508293340649
34106740009,可部九丁目,広島市安佐北区,955,382,0.24902475934593327,3834.960035734277
34106741001,可部東一丁目,広島市安佐北区,555,167,0.22718631167705006,2442.9288714759527
34106741002,可部東二丁目,広島市安佐北区,1042,453,0.23255298307837477,4480.699349484698
34106741003,可部東三丁目,広島市安佐北区,1153,491,0.1819966891075591,6335.280084785405
34106741004,可部東四丁目,広島市安佐北区,540,244,0.4259999417037621,1267.6058072691308
34106741005,可部東五丁目,広島市安佐北区,371,149,0.21907646663598251,1693.4726294287632
34106741006,可部東六丁目,広島市安佐北区,669,283,0.18717956071137062,3574.1081849828283
34106742001,可部南一丁目,広島市安佐北区,1768,808,0.5760780756529822,3069.028443750405
34106742002,可部南二丁目,広島市安佐北区,1132,535,0.3532938918331778,3204.131252103618
34106742003,可部南三丁目,広島市安佐北区,879,394,0.14331669055175042,6133.270288449765
34106742004,可部南四丁目,広島市安佐北区,1113,655,0.40374041780345243,2756.7217720120034
34106742005,可部南五丁目,広島市安佐北区,652,322,0.15037918588942661,4335.706408727427
34106743001,亀山一丁目,広島市安佐北区,894,356,0.18531604891392825,4824.190917297328
34106743002,亀山二丁目,広島市安佐北区,1487,689,0.30183847428746147,4926.47600180959
34106743003,亀山三丁目,広島市安佐北区,1412,601,0.24280294703366048,5815.4154109350675
34106743004,亀山四丁目,広島市安佐北区,880,359,0.15588117686009845,5645.325610992723
34106743005,亀山五丁目,広島市安佐北区,1743,719,0.3305237818716271,5273.4480712101
34106743006,亀山六丁目,広島市安佐北区,1245,529,0.236900538740201,5255.370066360802
34106743007,亀山七丁目,広島市安佐北区,811,329,0.19731615062123428,4110.155187229381
34106743008,亀山八丁目,広島市安佐北区,664,271,0.20450060139759427,3246.9342166336105
34106743009,亀山九丁目,広島市安佐北区,496,188,0.3409788628509808,1454.63562126069
34106744001,亀山南一丁目,広島市安佐北区,55,26,0.19673455639987816,279.5645107116223
34106744002,亀山南二丁目,広島市安佐北区,1792,689,0.3563801865397593,5028.337903403833
34106744003,亀山南三丁目,広島市安佐北区,887,356,0.2950022043338518,3006.7571935706237
34106744004,亀山南四丁目,広島市安佐北区,914,377,0.1467712563510371,6227.377367500074
34106744005,亀山南五丁目,広島市安佐北区,1680,713,0.30439828865600377,5519.084904904128
34106745001,三入一丁目,広島市安佐北区,575,269,0.2839167643414866,2025.2414517812945
34106745002,三入二丁目,広島市安佐北区,1190,475,0.2670205405862544,4456.585989180109
34106745003,三入三丁目,広島市安佐北区,258,112,0.14356372367505832,1797.1113690527866
34106745004,三入四丁目,広島市安佐北区,189,78,0.13111072752942798,1441.5296411010968
34106745005,三入五丁目,広島市安佐北区,360,168,0.1813308937180159,1985.320827678867
34106745006,三入六丁目,広島市安佐北区,792,290,0.23266818609897646,3403.989231527705
34106745007,三入七丁目,広島市安佐北区,735,284,0.27125821966760155,2709.5953106993966
34106746001,三入東一丁目,広島市安佐北区,1487,606,0.45189117001737306,3290.6153044389694
34106746002,三入東二丁目,広島市安佐北区,2537,933,0.42395015393939134,5984.19407665245
34106747001,三入南一丁目,広島市安佐北区,277,141,0.19356074154135258,1431.0753192729494
34106747002,三入南二丁目,広島市安佐北区,1571,588,0.3498576227491122,4490.39808724301
34106748001,大林一丁目,広島市安佐北区,522,271,0.20353523250950278,2564.6665374046656
34106748002,大林二丁目,広島市安佐北区,366,204,0.2030253281406984,1802.730739813698
34106748003,大林三丁目,広島市安佐北区,228,93,0.17699164038089873,1288.1964340763643
34106748004,大林四丁目,広島市安佐北区,199,86,0.16893474623280416,1177.9696269574038
341067490,大林町,広島市安佐北区,607,238,17.624504361839794,34.440684829371065
34106753001,亀山西一丁目,広島市安佐北区,1220,379,0.15648036652239208,7796.505255663624
34106753002,亀山西二丁目,広島市安佐北区,1466,507,0.20405894039615463,7184.19882585858
341067580,可部町大字上町屋,広島市安佐北区,297,130,4.938551952955521,60.1390858756194
341067590,可部町大字下町屋,広島市安佐北区,17,8,0.0020515387018196635,8286.463221445165
341067600,可部町大字桐原,広島市安佐北区,1029,425,12.321389531123765,83.51330808921765
341067610,可部町大字南原,広島市安佐北区,719,330,11.734286029706121,61.27343395071536
341067620,可部町大字綾ケ谷,広島市安佐北区,849,336,14.260552920846692,59.53485848076025
341067630,可部町大字勝木,広島市安佐北区,1285,577,9.439039926118884,136.13672683428965
341067640,可部町大字大毛寺,広島市安佐北区,0,0,1.3477265446569324,0.0
341067640,可部町大字大毛寺,広島市安佐北区,0,0,0.9160045162059726,0.0
341067650,可部町大字今井田,広島市安佐北区,123,57,2.822840614586609,43.573129621423114
341067670,可部町大字中島,広島市安佐北区,0,0,0.24866034801422593,0.0
341067680,可部町大字上原,広島市安佐北区,0,0,3.5794386551610264,0.0
341067700,可部町大字城,広島市安佐北区,0,0,0.23288920414992118,0.0
341067710,可部町大字虹山,広島市安佐北区,0,0,0.0026633196377229868,0.0
341067760,安佐町大字久地,広島市安佐北区,2587,1090,31.34388146263965,82.5360446530394
341067770,安佐町大字毛木,広島市安佐北区,200,88,4.6638409813895585,42.883108750507056
341067780,安佐町大字後山,広島市安佐北区,516,152,5.384928921693968,95.82299181725855
341067790,安佐町大字宮野,広島市安佐北区,46,20,1.444042040579175,31.855028252190195
341067800,安佐町大字筒瀬,広島市安佐北区,177,79,5.633001027786503,31.4219718986191
341067810,安佐町大字小河内,広島市安佐北区,358,176,20.392899197652703,17.555130172035916
341067820,安佐町大字鈴張,広島市安佐北区,2747,1106,17.80376946542473,154.29316838407328
341067830,安佐町大字飯室,広島市安佐北区,2637,1106,19.563947490234494,134.78874860588746
341068220,白木町大字井原,広島市安佐北区,1090,443,12.197550811126929,89.3622020418782
341068230,白木町大字古屋,広島市安佐北区,76,35,4.70334667696291,16.158706814500743
341068240,白木町大字志路,広島市安佐北区,399,198,18.86243296933162,21.153156681788243
341068250,白木町大字秋山,広島市安佐北区,1305,599,11.544943503993084,113.03649944658765
341068260,白木町大字小越,広島市安佐北区,993,363,3.377109864631938,294.03840556079285
341068270,白木町大字市川,広島市安佐北区,761,340,16.154249030545703,47.10834892795341
341068280,白木町大字有留,広島市安佐北区,0,0,2.3999749609129446,0.0
341068280,白木町大字有留,広島市安佐北区,130,60,2.6308174027215285,49.41429985430292
341068290,白木町大字三田,広島市安佐北区,2578,1131,30.29263475953743,85.10319490081113
34106960001,あさひが丘一丁目,広島市安佐北区,519,196,0.22972951596131316,2259.178572802114
34106960002,あさひが丘二丁目,広島市安佐北区,572,242,0.10845457550334342,5274.097449050146
34106960003,あさひが丘三丁目,広島市安佐北区,764,307,0.15612663957964765,4893.463422110274
34106960004,あさひが丘四丁目,広島市安佐北区,411,166,0.12312179683944004,3338.1579098944967
34106960005,あさひが丘五丁目,広島市安佐北区,891,411,0.15833647001532228,5627.256941586342
34106960006,あさひが丘六丁目,広島市安佐北区,1341,555,0.22994903036939446,5831.727134686293
34106960007,あさひが丘七丁目,広島市安佐北区,437,172,0.15685657009839202,2785.9846720215887
34106960008,あさひが丘八丁目,広島市安佐北区,457,190,0.14074937442099641,3246.906083099625
34106960009,あさひが丘九丁目,広島市安佐北区,795,319,0.1686655363087446,4713.470323568305
341069610,安佐町大字動物園,広島市安佐北区,0,0,0.1459559745589559,0.0
341069630,安佐町大字くすの木台,広島市安佐北区,2018,885,0.4181764628415273,4825.713973205478
34107496001,,広島市安芸区,0,0,0.05110992997847698,0.0
34107496002,,広島市安芸区,0,0,0.10016817089327248,0.0
34107496003,,広島市安芸区,0,0,0.35980237428425194,0.0
341078300,阿戸町,広島市安芸区,2072,794,20.132108017061288,102.92017101458273
34107834000,矢野町,広島市安芸区,0,0,7.18463901561043,0.0
34107834000,矢野町,広島市安芸区,686,27,0.23849277880412312,2876.3973628040944
34107834002,矢野町寺屋敷,広島市安芸区,881,349,0.30690803629448193,2870.56673600645
341078350,船越町,広島市安芸区,0,0,1.2784371250356192,0.0
34107836001,船越一丁目,広島市安芸区,1350,595,0.1779122187960009,7588.011712382428
34107836002,船越二丁目,広島市安芸区,1236,538,0.20381953020952254,6064.18824893481
34107836003,船越三丁目,広島市安芸区,712,340,0.0696105114484313,10228.340306441538
34107836004,船越四丁目,広島市安芸区,1003,436,0.21518847697359142,4661.030247093999
34107836005,船越五丁目,広島市安芸区,1212,555,0.1377022547043828,8801.598801718272
34107836006,船越六丁目,広島市安芸区,930,397,0.20562843203238074,4522.720865048229
34107837001,船越南一丁目,広島市安芸区,325,162,0.360008893401175,902.7554762038534
34107837002,船越南二丁目,広島市安芸区,1914,901,0.13618396723424936,14054.517861913497
34107837003,船越南三丁目,広島市安芸区,1531,748,0.19598034373816028,7812.007933027681
34107837004,船越南四丁目,広島市安芸区,183,115,0.14858407649969624,1231.625920563393
34107837005,船越南五丁目,広島市安芸区,13,12,0.14980422097035961,86.7799312715774
34107845001,矢野東一丁目,広島市安芸区,619,229,0.09473252474997508,6534.186665389839
34107845002,矢野東二丁目,広島市安芸区,2310,949,0.2452182152536108,9420.18111342561
34107845003,矢野東三丁目,広島市安芸区,606,234,0.09754291920046018,6212.649826017725
34107845004,矢野東四丁目,広島市安芸区,1368,552,0.2857942925831954,4786.659620229372
34107845005,矢野東五丁目,広島市安芸区,1398,634,0.1395602855890722,10017.176405874778
34107845006,矢野東六丁目,広島市安芸区,1652,685,0.29529736290880076,5594.360829121936
34107845007,矢野東七丁目,広島市安芸区,1134,477,0.26467458074481726,4284.5066451369285
34107846001,矢野西一丁目,広島市安芸区,2355,1112,0.23634844980288142,9964.101740308048
34107846002,矢野西二丁目,広島市安芸区,1204,476,0.14252883703457445,8447.413344907427
34107846003,矢野西三丁目,広島市安芸区,2587,1092,0.35158884081033337,7358.026477852783
34107846004,矢野西四丁目,広島市安芸区,2312,1035,0.3351562821443144,6898.274396672295
34107846005,矢野西五丁目,広島市安芸区,1363,682,0.17137538818790976,7953.300730122911
34107846006,矢野西六丁目,広島市安芸区,973,413,0.22484241102831445,4327.475388428697
34107846007,矢野西七丁目,広島市安芸区,980,407,0.2501782922999823,3917.2063690678146
34107852001,畑賀一丁目,広島市安芸区,594,252,0.14171148483608376,4191.615102241528
34107852002,畑賀二丁目,広島市安芸区,1429,555,0.22305259967410532,6406.560614347755
34107852003,畑賀三丁目,広島市安芸区,1071,452,0.22275668683527514,4807.936476411982
34107853001,畑賀町上為角,広島市安芸区,101,43,0.16026789482860182,630.1948378869907
34107853002,畑賀町中為角,広島市安芸区,126,48,0.13202339965401716,954.3762721623425
34107853003,畑賀町下為角,広島市安芸区,202,81,0.2050957764707736,984.9057034520906
34107853004,畑賀町水谷,広島市安芸区,96,41,0.24891817182979728,385.6689099646847
34107853005,畑賀町鹿子垣内,広島市安芸区,30,12,0.3205566708004062,93.5871960645593
34107853006,畑賀町奥畑,広島市安芸区,233,88,0.3484587797354768,668.6587153202905
34107853007,畑賀町,広島市安芸区,3,1,9.287626287934359,0.32301041267103175
34107854001,中野一丁目,広島市安芸区,410,222,0.14531692746513578,2821.4194117087054
34107854002,中野二丁目,広島市安芸区,2635,1119,0.3375523255641531,7806.197144683005
34107854003,中野三丁目,広島市安芸区,1954,887,0.3411326623960277,5727.976870568796
34107854004,中野四丁目,広島市安芸区,1527,675,0.3753995912700779,4067.665590241449
34107854005,中野五丁目,広島市安芸区,1755,743,0.21278702363237945,8247.683388024723
34107854006,中野六丁目,広島市安芸区,1244,598,0.3400776380911731,3657.9882375755915
34107854007,中野七丁目,広島市安芸区,962,387,0.31889413616162154,3016.6750997028066
341078550,中野町,広島市安芸区,0,0,4.901402985448744,0.0
34107856001,中野東一丁目,広島市安芸区,1144,501,0.224119372616918,5104.422641568841
34107856002,中野東二丁目,広島市安芸区,1228,477,0.37310545955163876,3291.294642205689
34107856003,中野東三丁目,広島市安芸区,927,499,0.43731675535155257,2119.7449872571156
34107856004,中野東四丁目,広島市安芸区,638,172,0.16014639188282417,3983.854974808371
34107856005,中野東五丁目,広島市安芸区,1112,496,0.18985710093889088,5857.036658101708
34107856006,中野東六丁目,広島市安芸区,1779,772,0.3519331990783389,5054.936575062933
34107856007,中野東七丁目,広島市安芸区,510,242,0.23641566633865552,2157.2174462814423
341078570,中野東町,広島市安芸区,1,1,6.055554839170838,0.16513763421502198
341078570,中野東町,広島市安芸区,0,0,0.7045289732105079,0.0
34107858001,瀬野一丁目,広島市安芸区,893,336,0.27884423882657655,3202.5047523229964
34107858002,瀬野二丁目,広島市安芸区,322,136,0.1054150433025405,3054.592493747425
34107858003,瀬野三丁目,広島市安芸区,525,184,0.14406394922358542,3644.2149672379637
34107858004,瀬野四丁目,広島市安芸区,168,74,0.1844014000437886,911.0559895971838
34107858005,瀬野五丁目,広島市安芸区,618,232,0.09793087296218028,6310.573788499405
341078590,瀬野町,広島市安芸区,1420,567,10.705646773814243,132.64028133949705
341078600,瀬野南,広島市安芸区,392,165,0.18993854445110084,2063.825439606437
341078610,瀬野南町,広島市安芸区,172,68,2.77986251613992,61.87356353106156
34107862001,上瀬野一丁目,広島市安芸区,400,167,0.21422730008024396,1867.175658051847
34107862002,上瀬野二丁目,広島市安芸区,247,98,0.13528915417463544,1825.719153223212
341078630,上瀬野町,広島市安芸区,807,359,15.518495251341127,52.00246460301994
34107864001,上瀬野南一丁目,広島市安芸区,500,190,0.27959586175284196,1788.2954234923247
34107864002,上瀬野南二丁目,広島市安芸区,241,109,0.17789694278227217,1354.7169289747692
34107890001,矢野新町一丁目,広島市安芸区,0,0,0.2372338259878838,0.0
34107890002,矢野新町二丁目,広島市安芸区,0,0,0.057784317463428186,0.0
34107890002,矢野新町二丁目,広島市安芸区,36,32,0.2503580897870887,143.79403529806197
34107899001,矢野南一丁目,広島市安芸区,1155,441,0.18170114118318526,6356.591887530118
34107899002,矢野南二丁目,広島市安芸区,973,290,0.110554389436216,8801.097857461094
34107899003,矢野南三丁目,広島市安芸区,1992,702,0.21102367279774267,9439.699222320181
34107899004,矢野南四丁目,広島市安芸区,1282,453,0.173242639196684,7400.0258016419
34107899005,矢野南五丁目,広島市安芸区,1117,431,0.12508699352189212,8929.785332193695
34107901001,瀬野西一丁目,広島市安芸区,1276,410,0.31500715939408175,4050.701585495371
34107901002,瀬野西二丁目,広島市安芸区,1210,386,0.15683157117152793,7715.283287423126
34107901003,瀬野西三丁目,広島市安芸区,1295,376,0.1609071092000421,8048.1217171706
34107901004,瀬野西四丁目,広島市安芸区,476,145,0.13536852564191695,3516.326987701241
34107901005,瀬野西五丁目,広島市安芸区,2039,571,0.18683788412492486,10913.20429767161
34107901006,瀬野西六丁目,広島市安芸区,927,251,0.09895928265128692,9367.48908403637
341084380,杉並台,広島市佐伯区,1825,818,0.5772536853219242,3161.521608965094
341084390,湯来町大字下,広島市佐伯区,428,205,13.531937070269317,31.62887898291725
341084400,湯来町大字白砂,広島市佐伯区,705,280,16.932098643806132,41.636894210859886
341084410,湯来町大字菅沢,広島市佐伯区,142,64,11.260160668922646,12.610832489443183
341084420,湯来町大字多田,広島市佐伯区,308,174,50.96350486313404,6.043540388895052
341084430,湯来町大字葛原,広島市佐伯区,194,98,8.469549100066386,22.90558773648049
34108444001,湯来町大字伏谷,広島市佐伯区,554,293,16.96994483528081,32.64595173274956
34108444002,湯来町大字伏谷,広島市佐伯区,473,200,0.468993764427699,1008.5421936839388
341084450,湯来町大字麦谷,広島市佐伯区,295,136,21.28244446733881,13.861189698050097
341084460,湯来町大字和田,広島市佐伯区,329,127,22.108509924985,14.881147626697109
341084950,,広島市佐伯区,0,0,3.637093863565538,0.0
341089100,五日市町大字石内,広島市佐伯区,2045,793,12.988410385419394,157.4480586396999
34108911001,五月が丘一丁目,広島市佐伯区,1413,588,0.23968529340385775,5895.230282732306
34108911002,五月が丘二丁目,広島市佐伯区,1120,454,0.23992150318301672,4668.193493042774
34108911003,五月が丘三丁目,広島市佐伯区,1630,663,0.24554695735900256,6638.241489658755
34108911004,五月が丘四丁目,広島市佐伯区,1763,736,0.2715692224204334,6491.8991345440045
34108911005,五月が丘五丁目,広島市佐伯区,842,391,0.20173254383757663,4173.843168695328
341089120,五日市町大字上河内,広島市佐伯区,1740,722,7.610115609895597,228.64304423147536
341089130,五日市町大字下河内,広島市佐伯区,1668,572,7.915704463787594,210.72034809165638
341089140,五日市町大字上小深川,広島市佐伯区,0,0,0.014943624524053416,0.0
341089140,五日市町大字上小深川,広島市佐伯区,245,113,2.3477576548168764,104.35489348627418
341089150,五日市町大字下小深川,広島市佐伯区,299,129,0.6329058624564153,472.42412772024284
341089160,五日市町大字保井田,広島市佐伯区,0,0,1.4540577376861321,0.0
341089170,五日市町大字利松,広島市佐伯区,0,0,0.362322610843597,0.0
341089170,五日市町大字利松,広島市佐伯区,0,0,0.3596020156807486,0.0
341089180,五日市町大字寺田,広島市佐伯区,0,0,0.22632380723940848,0.0
341089190,五日市町大字高井,広島市佐伯区,0,0,0.16933776820152827,0.0
341089200,五日市町大字口和田,広島市佐伯区,0,0,0.14352051343654126,0.0
341089210,五日市町大字中地,広島市佐伯区,0,0,1.1279460244630626,0.0
34108927001,美鈴が丘東一丁目,広島市佐伯区,360,146,0.0430863719382653,8355.310131839658
34108927002,美鈴が丘東二丁目,広島市佐伯区,790,300,0.08385045784671488,9421.534721303264
34108927003,美鈴が丘東三丁目,広島市佐伯区,786,325,0.08386325479535028,9372.400366740583
34108927004,美鈴が丘東四丁目,広島市佐伯区,804,323,0.12103518229878842,6642.696650096657
34108927005,美鈴が丘東五丁目,広島市佐伯区,390,152,0.1494009999159538,2610.424295817272
34108928001,美鈴が丘西一丁目,広島市佐伯区,408,174,0.19988237182318075,2041.2005134746128
34108928002,美鈴が丘西二丁目,広島市佐伯区,578,224,0.0629313869186693,9184.606097224434
34108928003,美鈴が丘西三丁目,広島市佐伯区,252,102,0.03321268832223451,7587.461681964977
34108928004,美鈴が丘西四丁目,広島市佐伯区,738,298,0.138620208932845,5323.899059750563
34108928005,美鈴が丘西五丁目,広島市佐伯区,661,265,0.07196694400699599,9184.772385718412
34108929001,美鈴が丘南一丁目,広島市佐伯区,299,123,0.11160098539092217,2679.187813195789
34108929002,美鈴が丘南二丁目,広島市佐伯区,562,229,0.06349551544657665,8851.018785300688
34108929003,美鈴が丘南三丁目,広島市佐伯区,331,133,0.04663785102684232,7097.239532102232
34108929004,美鈴が丘南四丁目,広島市佐伯区,505,202,0.07630912953224459,6617.81890444198
34108930001,美鈴が丘緑一丁目,広島市佐伯区,653,255,0.08431639642857551,7744.63838184969
34108930002,美鈴が丘緑二丁目,広島市佐伯区,560,222,0.13406476640428888,4177.085561102987
34108930003,美鈴が丘緑三丁目,広島市佐伯区,525,211,0.0993390108120874,5284.932834625316
34108936001,屋代一丁目,広島市佐伯区,752,320,0.09686144581830165,7763.666891888496
34108936002,屋代二丁目,広島市佐伯区,749,281,0.10213788340335113,7333.22421654398
34108936003,屋代三丁目,広島市佐伯区,1075,500,0.16714927164166515,6431.377112456622
34108938001,三筋一丁目,広島市佐伯区,892,410,0.06138831690374424,14530.452128189794
34108938002,三筋二丁目,広島市佐伯区,914,436,0.08375812127610449,10912.374657820277
34108938003,三筋三丁目,広島市佐伯区,311,195,0.027296802764954303,11393.275713567646
34108940001,五日市中央一丁目,広島市佐伯区,2233,1122,0.15867687296775576,14072.624184204595
34108940002,五日市中央二丁目,広島市佐伯区,949,531,0.08392618604991457,11307.555420611967
34108940003,五日市中央三丁目,広島市佐伯区,1805,876,0.12980484119149682,13905.490607527825
34108940004,五日市中央四丁目,広島市佐伯区,1853,884,0.12833874930768663,14438.351705902262
34108940005,五日市中央五丁目,広島市佐伯区,2280,1016,0.18300511016608087,12458.6684925402
34108940006,五日市中央六丁目,広島市佐伯区,1102,454,0.2750745939285296,4006.1860467067477
34108940007,五日市中央七丁目,広島市佐伯区,1075,556,0.19100100043237936,5628.242771328234
34108941001,五日市一丁目,広島市佐伯区,2185,1221,0.1396440072255991,15646.92995718797
34108941002,五日市二丁目,広島市佐伯区,1045,433,0.09097927026538602,11486.133016364507
34108941003,五日市三丁目,広島市佐伯区,377,161,0.06685896761911331,5638.734988367142
34108941004,五日市四丁目,広島市佐伯区,938,404,0.09085199124681999,10324.484770528703
34108941005,五日市五丁目,広島市佐伯区,1523,705,0.12885936851588498,11819.086322871854
34108941006,五日市六丁目,広島市佐伯区,921,377,0.08212854665860066,11214.12757769227
34108941007,五日市七丁目,広島市佐伯区,977,403,0.13247364296126848,7375.051958717909
341089420,新宮苑,広島市佐伯区,1419,596,0.12241530672317268,11591.687657237962
34108943001,五日市駅前一丁目,広島市佐伯区,2855,1237,0.1467743667250648,19451.625400966208
34108943002,五日市駅前二丁目,広島市佐伯区,1161,518,0.09826329179357593,11815.195469320739
34108943003,五日市駅前三丁目,広島市佐伯区,525,261,0.07360309052155947,7132.852659851552
341089440,藤垂園,広島市佐伯区,1392,584,0.16956685738284064,8209.151372412376
341089450,吉見園,広島市佐伯区,1581,768,0.14878421791889987,10626.127032248678
341089460,旭園,広島市佐伯区,1338,596,0.15238075345464994,8780.636462715762
341089470,海老山町,広島市佐伯区,877,363,0.11252094808261083,7794.104252979832
34108948001,海老園一丁目,広島市佐伯区,1749,854,0.14438075870626682,12113.802529312274
34108948002,海老園二丁目,広島市佐伯区,995,461,0.1518414802570666,6552.886591433855
34108948003,海老園三丁目,広島市佐伯区,1280,456,0.17042666995053782,7510.561582711724
34108948004,海老園四丁目,広島市佐伯区,1327,539,0.08543117484477405,15532.971452296193
34108949001,楽々園一丁目,広島市佐伯区,602,313,0.05332980012642073,11288.247819660517
34108949002,楽々園二丁目,広島市佐伯区,338,276,0.02377113924291312,14218.923062375641
34108949003,楽々園三丁目,広島市佐伯区,1291,632,0.09456155874247231,13652.482226058606
34108949004,楽々園四丁目,広島市佐伯区,855,470,0.11453799277033247,7464.771988054791
34108949005,楽々園五丁目,広島市佐伯区,1945,739,0.12488269385321693,15574.615985511091
34108949006,楽々園六丁目,広島市佐伯区,1281,495,0.09216581763491767,13898.862212390162
34108950001,隅の浜一丁目,広島市佐伯区,753,413,0.06097224709024075,12349.881067783797
34108950002,隅の浜二丁目,広島市佐伯区,799,385,0.08952368681143316,8925.012233722695
34108950003,隅の浜三丁目,広島市佐伯区,796,331,0.08608977317717983,9246.16212383051
34108951001,美の里一丁目,広島市佐伯区,1673,814,0.12660257747591985,13214.580882590712
34108951002,美の里二丁目,広島市佐伯区,798,379,0.11022748845368897,7239.573460255988
341089520,五日市町大字皆賀,広島市佐伯区,834,244,0.39935851607215783,2088.349105968005
34108953001,皆賀一丁目,広島市佐伯区,1940,805,0.17640668531093118,10997.315643568676
34108953002,皆賀二丁目,広島市佐伯区,977,430,0.12000027047594813,8141.648315666271
34108953003,皆賀三丁目,広島市佐伯区,1118,436,0.11564415187761175,9667.58787061882
34108953004,皆賀四丁目,広島市佐伯区,1084,461,0.16622058714096172,6521.4545240459565
341089540,五日市町大字昭和台,広島市佐伯区,881,371,0.09822384121836564,8969.309172519645
341089550,五日市町大字美鈴園,広島市佐伯区,1638,633,0.16868886466355415,9710.18450605469
34108959001,藤の木一丁目,広島市佐伯区,1119,429,0.15872515633656714,7049.922178858831
34108959002,藤の木二丁目,広島市佐伯区,1091,432,0.16669462205560034,6544.902208279408
34108959003,藤の木三丁目,広島市佐伯区,1106,433,0.1268576571731493,8718.433121387456
34108959004,藤の木四丁目,広島市佐伯区,896,346,0.14926305674722173,6002.8249422587105
34108971001,城山一丁目,広島市佐伯区,454,228,0.11923671924906502,3807.5519257760857
34108971002,城山二丁目,広島市佐伯区,1078,414,0.17266614798004812,6243.261997855913
34108972001,八幡東一丁目,広島市佐伯区,1145,458,0.17410654908627848,6576.432684520071
34108972002,八幡東二丁目,広島市佐伯区,1664,725,0.2202265499191893,7555.855552432683
34108972003,八幡東三丁目,広島市佐伯区,1161,491,0.20705652826309046,5607.164428666593
34108972004,八幡東四丁目,広島市佐伯区,830,279,0.3405167510492364,2437.4718642842554
34108973001,利松一丁目,広島市佐伯区,2171,889,0.239608362540985,9060.618656949631
34108973002,利松二丁目,広島市佐伯区,789,333,0.18765349796777803,4204.557914158782
34108973003,利松三丁目,広島市佐伯区,1375,522,0.30184465193028004,4555.323379781455
34108974001,八幡一丁目,広島市佐伯区,1561,647,0.23517389290052376,6637.641537278492
34108974002,八幡二丁目,広島市佐伯区,1146,465,0.1923482723013396,5957.942778943373
34108974003,八幡三丁目,広島市佐伯区,1508,649,0.17619671389112787,8558.615916820076
34108974004,八幡四丁目,広島市佐伯区,825,338,0.13800510078242875,5978.039908109264
34108974005,八幡五丁目,広島市佐伯区,506,208,0.1361182858275632,3717.3550704349072
34108975001,薬師が丘一丁目,広島市佐伯区,284,110,0.10038675226147688,2829.058552071359
34108975002,薬師が丘二丁目,広島市佐伯区,960,392,0.14924841862482852,6432.228956563948
34108975003,薬師が丘三丁目,広島市佐伯区,876,333,0.12519264591297577,6997.216119299271
34108975004,薬師が丘四丁目,広島市佐伯区,707,285,0.09834949909168623,7188.648712291863
34108976001,八幡が丘一丁目,広島市佐伯区,773,322,0.0854177314144071,9049.643290685906
34108976002,八幡が丘二丁目,広島市佐伯区,526,228,0.06370981154598589,8256.185150074287
34108977001,観音台一丁目,広島市佐伯区,1564,584,0.24810167117317758,6303.867251697437
34108977002,観音台二丁目,広島市佐伯区,973,360,0.16834858993403937,5779.674189021904
34108977003,観音台三丁目,広島市佐伯区,989,353,0.19195262023951046,5152.3131008369
34108977004,観音台四丁目,広島市佐伯区,1274,477,0.15755278731192413,8086.178745144799
34108978001,倉重一丁目,広島市佐伯区,301,116,0.3704416292956134,812.543667331193
34108978002,倉重二丁目,広島市佐伯区,132,51,0.29182568426623484,452.32481963299495
34108978003,倉重三丁目,広島市佐伯区,16,8,0.27583539836608106,58.00560803572153
34108979001,千同一丁目,広島市佐伯区,1382,611,0.1668491771764135,8282.929669702711
34108979002,千同二丁目,広島市佐伯区,1043,483,0.1448460539905879,7200.748458551548
34108979003,千同三丁目,広島市佐伯区,460,217,0.14765438283676163,3115.3833104199152
34108980001,坪井一丁目,広島市佐伯区,1742,796,0.2372721647087619,7341.779859168083
34108980002,坪井二丁目,広島市佐伯区,1004,438,0.1914010217188393,5245.531037315136
34108980003,坪井三丁目,広島市佐伯区,541,30,0.1206628187947656,4483.568388371421
34108981001,三宅一丁目,広島市佐伯区,566,302,0.08757070709328339,6463.348519009638
34108981002,三宅二丁目,広島市佐伯区,520,137,0.19504898148983119,2665.9970025381035
34108981003,三宅三丁目,広島市佐伯区,1457,768,0.17273506542346365,8434.882613024367
34108981004,三宅四丁目,広島市佐伯区,1120,550,0.16634474185221518,6733.005128560276
34108981005,三宅五丁目,広島市佐伯区,1170,492,0.16679808904484233,7014.4688509318285
34108981006,三宅六丁目,広島市佐伯区,251,47,0.20398544054082507,1230.4799760930268
341089820,屋代町,広島市佐伯区,97,41,0.27633909490803066,351.01801296802716
341089830,三宅町,広島市佐伯区,5,1,0.40621325359656446,12.308805672219178
341089840,坪井町,広島市佐伯区,0,0,2.042001835959852,0.0
341089850,倉重町,広島市佐伯区,0,0,1.8001087701737781,0.0
34108986001,河内南一丁目,広島市佐伯区,1562,571,0.21845376041455875,7150.254575777499
34108986002,河内南二丁目,広島市佐伯区,2052,740,0.26855145390834667,7640.993821244857
341089870,石内上,広島市佐伯区,0,0,0.4101532630057247,0.0
34108988001,石内南一丁目,広島市佐伯区,432,120,0.31830136745030857,1357.2043483835846
34108988002,石内南二丁目,広島市佐伯区,642,202,0.09635859686639396,6662.612583391654
34108988003,石内南三丁目,広島市佐伯区,0,0,0.28170728170894854,0.0
34108988004,石内南四丁目,広島市佐伯区,888,268,0.20670865445997105,4295.901409255995
34108988005,石内南五丁目,広島市佐伯区,26,26,0.20144511638591212,129.06741283413058
34108989001,海老山南一丁目,広島市佐伯区,1137,398,0.10088829943608839,11269.88963393398
34108989002,海老山南二丁目,広島市佐伯区,586,217,0.12015014728958015,4877.230808445459
34108990001,五日市港一丁目,広島市佐伯区,0,0,0.3552148968425024,0.0
34108990002,五日市港二丁目,広島市佐伯区,0,0,0.28394312210327727,0.0
34108990003,五日市港三丁目,広島市佐伯区,0,0,0.3508966382392391,0.0
34108990004,五日市港四丁目,広島市佐伯区,0,0,0.12333428915876095,0.0
34108991001,石内北一丁目,広島市佐伯区,1648,427,0.3538362254943671,4657.521986895136
34108991002,石内北二丁目,広島市佐伯区,1201,361,0.29606181992276936,4056.585210187834
34108991003,石内北三丁目,広島市佐伯区,0,0,0.005610971883533115,0.0
34108991003,石内北三丁目,広島市佐伯区,331,97,0.1191801141869145,2777.3089685153404
34108991003,石内北三丁目,広島市佐伯区,0,0,0.0008204639005972028,0.0
34108991004,石内北四丁目,広島市佐伯区,0,0,0.08961128120502605,0.0
34108991005,石内北五丁目,広島市佐伯区,0,0,0.1305241412697678,0.0
341089911,石内北,広島市佐伯区,0,0,0.20625073683733147,0.0
34108992001,石内東一丁目,広島市佐伯区,196,94,0.15067767292565862,1300.7899325383298
34108992002,石内東二丁目,広島市佐伯区,426,127,0.20880187314807724,2040.2115822873443
34108992003,石内東三丁目,広島市佐伯区,0,0,0.07469345425146398,0.0
34108992004,石内東四丁目,広島市佐伯区,0,0,0.21833278233864184,0.0
