region_id,region_nm,bus_stop_cnt
341010430,白島北町,5
341010450,白島九軒町,2
341010460,東白島町,6
341010470,西白島町,11
341010480,幟町,8
341010490,上幟町,16
341010500,鉄砲町,9
341010510,八丁堀,8
341010520,上八丁堀,12
341010540,基町,59
341010570,胡町,16
341010590,田中町,2
341010600,三川町,7
341010610,立町,7
341010630,中町,8
34101064001,紙屋町一丁目,7
34101065001,大手町一丁目,7
34101065002,大手町二丁目,6
34101065003,大手町三丁目,5
34101065004,大手町四丁目,6
34101065005,大手町五丁目,4
341010660,鶴見町,4
341010670,昭和町,4
341010680,宝町,6
341010690,富士見町,20
341010700,竹屋町,8
341010710,小町,6
34101072001,国泰寺町一丁目,7
34101072002,国泰寺町二丁目,3
341010730,平野町,2
341010740,南竹屋町,4
34101075001,千田町一丁目,10
34101075003,千田町三丁目,9
34101076002,東千田町二丁目,8
341010780,堀川町,3
341010820,東平塚町,4
341010830,西平塚町,2
341011150,南千田西町,2
34101301001,十日市町一丁目,4
34101301002,十日市町二丁目,3
341013020,西十日市町,5
341013040,寺町,7
34101306002,堺町二丁目,1
341013070,榎町,3
341013110,広瀬町,1
341013120,広瀬北町,5
341013140,土橋町,1
34101315001,本川町一丁目,3
34101315002,本川町二丁目,3
341013160,舟入町,1
341013170,舟入本町,4
341013180,舟入中町,2
341013190,舟入幸町,2
341013200,舟入川口町,2
341013220,西川口町,1
341013580,加古町,5
341013590,吉島町,2
341013610,中島町,3
341013620,住吉町,3
341013630,羽衣町,2
34101400001,吉島東一丁目,3
34101400002,吉島東二丁目,1
34101400003,吉島東三丁目,2
34101401001,吉島西一丁目,5
34101402001,吉島新町一丁目,1
34101402002,吉島新町二丁目,1
34101403001,光南一丁目,2
34101403002,光南二丁目,2
34101403003,光南三丁目,1
34101403005,光南五丁目,1
34101403006,光南六丁目,1
34101404002,南吉島二丁目,3
34101406001,舟入南一丁目,2
34101406002,舟入南二丁目,1
34101406003,舟入南三丁目,2
34101406004,舟入南四丁目,2
34101406005,舟入南五丁目,2
34101406006,舟入南六丁目,1
34101407001,江波東一丁目,2
34101407002,江波東二丁目,1
34101408001,江波西一丁目,2
34101408002,江波西二丁目,3
34101409001,江波南一丁目,3
34101409002,江波南二丁目,1
34101409003,江波南三丁目,1
341014100,江波本町,1
34101411001,江波二本松一丁目,2
34101411002,江波二本松二丁目,1
341014130,江波沖町,1
341014970,,2
34102007001,矢賀新町一丁目,1
34102007002,矢賀新町二丁目,6
34102007003,矢賀新町三丁目,3
34102007005,矢賀新町五丁目,1
341020080,東蟹屋町,5
341020090,若草町,7
341020120,山根町,5
341020130,愛宕町,3
34102042001,二葉の里一丁目,4
34102042002,二葉の里二丁目,8
34102042003,二葉の里三丁目,4
34102129001,牛田東一丁目,1
34102129002,牛田東二丁目,3
34102129003,牛田東三丁目,1
34102129004,牛田東四丁目,2
34102130001,牛田南一丁目,6
34102130002,牛田南二丁目,1
34102131001,牛田早稲田一丁目,1
34102131003,牛田早稲田三丁目,4
34102132001,牛田中一丁目,1
34102133001,牛田本町一丁目,4
34102133002,牛田本町二丁目,2
34102133003,牛田本町三丁目,5
34102133004,牛田本町四丁目,6
34102133006,牛田本町六丁目,9
34102134001,牛田旭一丁目,1
34102135001,牛田新町一丁目,5
34102135002,牛田新町二丁目,14
34102135003,牛田新町三丁目,6
34102135004,牛田新町四丁目,3
341021370,上大須賀町,2
34102138004,矢賀四丁目,2
34102138006,矢賀六丁目,1
34102141001,戸坂くるめ木一丁目,7
34102142001,戸坂千足一丁目,14
34102142002,戸坂千足二丁目,6
34102144001,戸坂惣田一丁目,2
341021450,戸坂中町,2
341021460,戸坂桜東町,1
341021470,戸坂桜西町,2
341021480,戸坂桜上町,1
34102150001,戸坂出江一丁目,2
34102150002,戸坂出江二丁目,3
34102153001,戸坂大上一丁目,3
34102153004,戸坂大上四丁目,1
34102154001,戸坂新町一丁目,3
34102154002,戸坂新町二丁目,8
34102155001,戸坂南一丁目,2
34102155002,戸坂南二丁目,2
34102157001,尾長西一丁目,1
34102158001,曙一丁目,2
34102158002,曙二丁目,2
34102158003,曙三丁目,2
34102158004,曙四丁目,2
34102158005,曙五丁目,4
34102161001,中山南一丁目,2
34102162002,中山西二丁目,4
34102163001,中山東一丁目,2
34102163002,中山東二丁目,1
34102163003,中山東三丁目,1
341021640,中山中町,4
34102165001,中山上一丁目,1
34102165002,中山上二丁目,4
341021660,中山北町,1
34102168002,中山新町二丁目,2
34102838004,温品四丁目,6
34102838005,温品五丁目,4
34102838006,温品六丁目,2
34102838007,温品七丁目,4
34102839001,上温品一丁目,3
34102839002,上温品二丁目,1
34102839003,上温品三丁目,3
34102840001,馬木一丁目,6
34102840002,馬木二丁目,2
34102840004,馬木四丁目,2
34102840005,馬木五丁目,2
34102840006,馬木六丁目,1
34102840007,馬木七丁目,2
34102841001,福田一丁目,4
34102841002,福田二丁目,2
34102841003,福田三丁目,1
34102841004,福田四丁目,2
34102841005,福田五丁目,1
34102841006,福田六丁目,3
34102841008,福田八丁目,2
341028440,福田町,1
341030170,松原町,46
341030180,大須賀町,7
341030190,猿猴橋町,2
34103023001,的場町一丁目,1
34103023002,的場町二丁目,6
341030250,金屋町,2
341030270,比治山公園,1
341030280,稲荷町,6
341030410,比治山本町,16
34103116001,青崎一丁目,3
34103116002,青崎二丁目,2
341031170,東青崎町,2
34103118001,堀越一丁目,2
34103118002,堀越二丁目,3
34103118003,堀越三丁目,2
341031190,向洋本町,10
341031200,向洋中町,1
341031210,向洋大原町,5
341031230,小磯町,2
34103126001,西蟹屋一丁目,3
34103126002,西蟹屋二丁目,3
34103126003,西蟹屋三丁目,3
34103127001,南蟹屋一丁目,1
34103127002,南蟹屋二丁目,3
34103128001,大州一丁目,3
34103128002,大州二丁目,3
34103128003,大州三丁目,3
34103128005,大州五丁目,3
34103200001,向洋新町一丁目,1
34103200002,向洋新町二丁目,14
34103200003,向洋新町三丁目,5
341032100,仁保沖町,4
341032120,元宇品町,12
34103216001,皆実町一丁目,9
34103216002,皆実町二丁目,3
34103216004,皆実町四丁目,1
34103216005,皆実町五丁目,1
34103216006,皆実町六丁目,6
341032170,上東雲町,1
34103218001,東雲本町一丁目,2
34103218002,東雲本町二丁目,2
34103218003,東雲本町三丁目,5
34103219001,東雲一丁目,1
34103219002,東雲二丁目,3
34103219003,東雲三丁目,4
34103220001,仁保新町一丁目,4
34103220002,仁保新町二丁目,3
34103222001,仁保一丁目,8
34103222002,仁保二丁目,3
34103222003,仁保三丁目,6
34103222004,仁保四丁目,4
341032230,東本浦町,4
341032250,本浦町,1
341032290,丹那町,4
341032310,日宇那町,1
341032320,楠那町,3
341032340,西霞町,3
34103235003,宇品西三丁目,2
34103235004,宇品西四丁目,2
34103235005,宇品西五丁目,2
34103235006,宇品西六丁目,1
34103236001,宇品御幸一丁目,4
34103236002,宇品御幸二丁目,3
34103236003,宇品御幸三丁目,3
34103236004,宇品御幸四丁目,3
34103236005,宇品御幸五丁目,2
34103237001,宇品神田一丁目,3
34103238001,宇品東一丁目,4
34103238002,宇品東二丁目,2
34103238003,宇品東三丁目,1
34103238005,宇品東五丁目,3
34103238006,宇品東六丁目,1
34103238007,宇品東七丁目,2
34103239001,宇品海岸一丁目,8
34103239002,宇品海岸二丁目,4
34103239003,宇品海岸三丁目,6
34103240002,出島二丁目,2
34103240004,出島四丁目,2
34103241001,霞一丁目,8
34103241002,霞二丁目,3
34103242001,出汐一丁目,9
34103242002,出汐二丁目,4
34103242003,出汐三丁目,6
34103243001,旭一丁目,3
34103243002,旭二丁目,6
341032440,西旭町,2
34103245001,翠一丁目,6
34103245002,翠二丁目,5
34103245003,翠三丁目,9
34103245004,翠四丁目,2
34103245005,翠五丁目,6
341032460,西翠町,3
34103247001,段原南一丁目,8
34103247002,段原南二丁目,3
34103248001,段原一丁目,3
34103248002,段原二丁目,5
34103248003,段原三丁目,6
34103248004,段原四丁目,1
34103249001,段原日出一丁目,1
34103250002,段原山崎二丁目,1
34103260001,仁保南一丁目,5
34103260002,仁保南二丁目,3
34104303001,中広町一丁目,3
34104303002,中広町二丁目,3
34104303003,中広町三丁目,4
341043090,天満町,4
341043100,上天満町,2
341043240,観音町,1
34104325001,観音本町一丁目,4
34104325002,観音本町二丁目,3
34104326001,観音新町一丁目,4
34104326002,観音新町二丁目,3
34104326003,観音新町三丁目,1
34104326004,観音新町四丁目,9
341043270,東観音町,1
341043280,西観音町,2
341043290,南観音町,3
341043320,都町,2
34104333001,福島町一丁目,3
34104333002,福島町二丁目,2
34104334001,小河内町一丁目,1
341043380,草津本町,1
341043410,草津浜町,1
34104346001,三篠町一丁目,6
34104346002,三篠町二丁目,4
34104346003,三篠町三丁目,9
341043480,三篠北町,4
34104349002,横川町二丁目,8
34104349003,横川町三丁目,10
341043500,横川新町,3
34104351001,楠木町一丁目,2
341043520,三滝町,4
341043540,新庄町,2
34104388001,庚午北一丁目,2
34104388002,庚午北二丁目,2
34104388004,庚午北四丁目,1
34104389001,庚午中一丁目,3
34104389002,庚午中二丁目,2
34104389003,庚午中三丁目,1
34104389004,庚午中四丁目,1
34104390002,庚午南二丁目,2
34104391004,高須四丁目,1
341043920,古江東町,1
341043930,古江西町,1
34104394001,古江上一丁目,2
34104394002,古江上二丁目,1
34104395001,田方一丁目,2
34104395002,田方二丁目,7
34104395003,田方三丁目,1
341043960,山田町,3
34104397001,大芝一丁目,4
34104397002,大芝二丁目,4
34104398001,大宮一丁目,6
34104398002,大宮二丁目,4
34104405002,南観音二丁目,1
34104405003,南観音三丁目,3
34104405006,南観音六丁目,3
34104405007,南観音七丁目,2
34104405008,南観音八丁目,1
34104414001,草津東一丁目,1
34104414002,草津東二丁目,1
34104415001,草津南一丁目,1
34104415002,草津南二丁目,1
34104415003,草津南三丁目,2
34104415004,草津南四丁目,1
34104416001,井口一丁目,3
34104416004,井口四丁目,1
34104417003,井口鈴が台三丁目,1
34104419001,三滝本町一丁目,6
34104419002,三滝本町二丁目,2
34104421001,己斐本町一丁目,7
34104421002,己斐本町二丁目,4
34104421003,己斐本町三丁目,3
341044260,草津梅が台,2
341044270,鈴が峰町,25
34104428001,井口明神一丁目,1
34104429001,草津新町一丁目,2
34104429002,草津新町二丁目,10
34104430001,商工センター一丁目,2
34104430002,商工センター二丁目,5
34104430003,商工センター三丁目,3
34104430004,商工センター四丁目,1
34104430005,商工センター五丁目,1
34104430006,商工センター六丁目,1
34104430007,商工センター七丁目,2
34104430008,商工センター八丁目,2
34104432002,扇二丁目,4
34104434001,山田新町一丁目,2
34104434002,山田新町二丁目,4
34104435001,井口台一丁目,3
34104435002,井口台二丁目,7
34104435003,井口台三丁目,6
34104435004,井口台四丁目,2
34105169001,山本新町一丁目,5
34105169002,山本新町二丁目,2
34105169003,山本新町三丁目,4
34105169005,山本新町五丁目,2
34105731001,伴南一丁目,7
34105731002,伴南二丁目,6
34105731004,伴南四丁目,4
34105731005,伴南五丁目,6
34105732206,伴北六丁目,4
34105750004,伴東四丁目,4
34105750005,伴東五丁目,10
34105750006,伴東六丁目,1
34105750007,伴東七丁目,9
34105750008,伴東八丁目,6
34105751001,大塚東一丁目,5
34105751002,大塚東二丁目,7
34105751003,大塚東三丁目,4
34105752001,大塚西一丁目,10
34105752003,大塚西三丁目,4
34105752004,大塚西四丁目,7
34105752005,大塚西五丁目,1
34105752006,大塚西六丁目,5
34105752007,大塚西七丁目,9
34105847001,川内一丁目,2
34105847003,川内三丁目,2
34105847004,川内四丁目,4
34105848002,八木二丁目,6
34105848003,八木三丁目,9
34105848004,八木四丁目,5
34105848005,八木五丁目,7
34105848006,八木六丁目,8
34105848007,八木七丁目,3
34105848008,八木八丁目,15
34105849001,緑井一丁目,23
34105849002,緑井二丁目,6
34105849003,緑井三丁目,5
34105849004,緑井四丁目,1
34105849005,緑井五丁目,4
34105849006,緑井六丁目,26
34105849008,緑井八丁目,4
34105866001,大町東一丁目,2
34105866002,大町東二丁目,5
34105866003,大町東三丁目,3
34105866004,大町東四丁目,2
34105867001,大町西一丁目,1
34105867003,大町西三丁目,3
34105869001,毘沙門台一丁目,5
34105869002,毘沙門台二丁目,4
34105869003,毘沙門台三丁目,7
34105869004,毘沙門台四丁目,4
34105870001,安東一丁目,4
34105870002,安東二丁目,4
34105870004,安東四丁目,6
34105870005,安東五丁目,13
34105870006,安東六丁目,4
34105870007,安東七丁目,6
34105871002,上安二丁目,10
34105871004,上安四丁目,4
34105871005,上安五丁目,6
34105871007,上安七丁目,5
34105873001,相田一丁目,5
34105873002,相田二丁目,3
34105873004,相田四丁目,1
34105876001,高取北一丁目,4
34105876003,高取北三丁目,1
34105879001,長楽寺一丁目,6
34105879002,長楽寺二丁目,2
34105881001,長束一丁目,3
34105881002,長束二丁目,5
34105881003,長束三丁目,4
34105881004,長束四丁目,4
34105882001,長束西一丁目,1
34105882002,長束西二丁目,2
34105882003,長束西三丁目,4
34105882005,長束西五丁目,2
34105885001,西原一丁目,7
34105885002,西原二丁目,3
34105885004,西原四丁目,6
34105885005,西原五丁目,12
34105885006,西原六丁目,3
34105885009,西原九丁目,3
34105886001,山本一丁目,6
34105886002,山本二丁目,1
34105886003,山本三丁目,1
34105886004,山本四丁目,6
34105886005,山本五丁目,8
34105886007,山本七丁目,3
34105888001,祇園一丁目,4
34105888002,祇園二丁目,6
34105888003,祇園三丁目,5
34105888004,祇園四丁目,1
34105888005,祇園五丁目,6
34105895001,古市一丁目,6
34105895002,古市二丁目,5
34105895003,古市三丁目,12
34105896001,中須一丁目,10
34105896002,中須二丁目,4
34105897002,中筋二丁目,2
34105898001,毘沙門台東一丁目,5
341058990,伴東町,2
34105900005,伴中央五丁目,2
34105900006,伴中央六丁目,2
34106715001,口田一丁目,9
34106715003,口田三丁目,1
34106715004,口田四丁目,3
34106717001,口田南一丁目,6
34106717002,口田南二丁目,8
34106717003,口田南三丁目,6
34106717004,口田南四丁目,2
34106717007,口田南七丁目,5
34106717008,口田南八丁目,19
34106717009,口田南九丁目,16
34106719001,落合一丁目,6
34106719002,落合二丁目,19
34106719003,落合三丁目,4
34106719004,落合四丁目,19
34106719005,落合五丁目,10
34106721001,落合南一丁目,3
34106721002,落合南二丁目,29
34106721003,落合南三丁目,6
34106721004,落合南四丁目,3
34106721005,落合南五丁目,2
34106721007,落合南七丁目,4
34106721008,落合南八丁目,7
34106721009,落合南九丁目,3
34106723001,真亀一丁目,18
34106723002,真亀二丁目,13
34106723003,真亀三丁目,6
34106723004,真亀四丁目,1
34106723005,真亀五丁目,10
34106724001,亀崎一丁目,23
34106724002,亀崎二丁目,16
34106724003,亀崎三丁目,7
34106724004,亀崎四丁目,6
34106725001,倉掛一丁目,10
34106725002,倉掛二丁目,8
34106725003,倉掛三丁目,19
34106726001,深川一丁目,4
34106726002,深川二丁目,4
34106726003,深川三丁目,2
34106726005,深川五丁目,8
34106726006,深川六丁目,17
34106726007,深川七丁目,10
34106726008,深川八丁目,6
341067270,深川町,3
341067280,上深川町,24
341067290,小河原町,13
341067300,狩留家町,8
34106740002,可部二丁目,15
34106740003,可部三丁目,14
34106740004,可部四丁目,13
34106740005,可部五丁目,10
34106740006,可部六丁目,5
34106740007,可部七丁目,4
34106740008,可部八丁目,9
34106740009,可部九丁目,4
34106741001,可部東一丁目,2
34106741002,可部東二丁目,4
34106741003,可部東三丁目,7
34106741004,可部東四丁目,7
34106741006,可部東六丁目,4
34106742001,可部南一丁目,10
34106742002,可部南二丁目,7
34106742003,可部南三丁目,5
34106742004,可部南四丁目,11
34106742005,可部南五丁目,9
34106743002,亀山二丁目,8
34106743003,亀山三丁目,4
34106743004,亀山四丁目,4
34106743005,亀山五丁目,7
34106743007,亀山七丁目,10
34106743009,亀山九丁目,15
34106744001,亀山南一丁目,9
34106744002,亀山南二丁目,8
34106744004,亀山南四丁目,5
34106744005,亀山南五丁目,10
34106745001,三入一丁目,28
34106745002,三入二丁目,3
34106745003,三入三丁目,6
34106745004,三入四丁目,1
34106745005,三入五丁目,11
34106745006,三入六丁目,8
34106746001,三入東一丁目,7
34106746002,三入東二丁目,8
34106747001,三入南一丁目,2
34106747002,三入南二丁目,7
34106748001,大林一丁目,9
34106748002,大林二丁目,15
34106748003,大林三丁目,12
34106748004,大林四丁目,2
341067490,大林町,23
34106753001,亀山西一丁目,4
34106753002,亀山西二丁目,5
341067600,可部町大字桐原,6
341067610,可部町大字南原,14
341067620,可部町大字綾ケ谷,33
341067630,可部町大字勝木,24
341067650,可部町大字今井田,16
341067760,安佐町大字久地,12
341067780,安佐町大字後山,2
341067800,安佐町大字筒瀬,16
341067810,安佐町大字小河内,46
341067820,安佐町大字鈴張,54
341067830,安佐町大字飯室,95
341068220,白木町大字井原,32
341068230,白木町大字古屋,6
341068240,白木町大字志路,26
341068250,白木町大字秋山,6
341068260,白木町大字小越,2
341068270,白木町大字市川,8
341068290,白木町大字三田,28
34106960001,あさひが丘一丁目,2
34106960002,あさひが丘二丁目,1
34106960003,あさひが丘三丁目,3
34106960004,あさひが丘四丁目,2
34106960005,あさひが丘五丁目,3
34106960006,あさひが丘六丁目,4
34106960007,あさひが丘七丁目,2
34106960009,あさひが丘九丁目,1
341069610,安佐町大字動物園,2
341069630,安佐町大字くすの木台,6
341078300,阿戸町,26
34107834000,矢野町,5
34107834002,矢野町寺屋敷,5
34107837001,船越南一丁目,4
34107837002,船越南二丁目,2
34107837003,船越南三丁目,6
34107837004,船越南四丁目,1
34107837005,船越南五丁目,1
34107845001,矢野東一丁目,2
34107845002,矢野東二丁目,1
34107845004,矢野東四丁目,2
34107845005,矢野東五丁目,6
34107845006,矢野東六丁目,5
34107845007,矢野東七丁目,4
34107846001,矢野西一丁目,3
34107846002,矢野西二丁目,4
34107846004,矢野西四丁目,4
34107852001,畑賀一丁目,2
34107852002,畑賀二丁目,4
34107852003,畑賀三丁目,5
34107853004,畑賀町水谷,1
34107853006,畑賀町奥畑,2
34107856001,中野東一丁目,3
34107856002,中野東二丁目,2
34107856003,中野東三丁目,2
34107856004,中野東四丁目,4
34107856005,中野東五丁目,1
34107856006,中野東六丁目,1
34107856007,中野東七丁目,7
34107858001,瀬野一丁目,10
34107858003,瀬野三丁目,2
34107858005,瀬野五丁目,1
341078590,瀬野町,17
34107862001,上瀬野一丁目,2
34107862002,上瀬野二丁目,5
341078630,上瀬野町,16
34107864002,上瀬野南二丁目,3
34107890001,矢野新町一丁目,1
34107890002,矢野新町二丁目,3
34107899001,矢野南一丁目,2
34107899002,矢野南二丁目,2
34107899003,矢野南三丁目,3
34107899004,矢野南四丁目,4
34107899005,矢野南五丁目,3
34107901001,瀬野西一丁目,6
34107901003,瀬野西三丁目,3
34107901004,瀬野西四丁目,2
34107901005,瀬野西五丁目,6
341084380,杉並台,8
341084390,湯来町大字下,8
341084400,湯来町大字白砂,4
341084410,湯来町大字菅沢,10
341084420,湯来町大字多田,12
341084430,湯来町大字葛原,2
34108444001,湯来町大字伏谷,28
341084460,湯来町大字和田,4
341089100,五日市町大字石内,38
34108911001,五月が丘一丁目,2
34108911002,五月が丘二丁目,1
34108911003,五月が丘三丁目,1
34108911004,五月が丘四丁目,2
34108911005,五月が丘五丁目,5
341089120,五日市町大字上河内,22
341089130,五日市町大字下河内,10
341089140,五日市町大字上小深川,4
341089160,五日市町大字保井田,1
34108927001,美鈴が丘東一丁目,1
34108927002,美鈴が丘東二丁目,1
34108927003,美鈴が丘東三丁目,1
34108928001,美鈴が丘西一丁目,4
34108928005,美鈴が丘西五丁目,2
34108929001,美鈴が丘南一丁目,1
34108929003,美鈴が丘南三丁目,1
34108938002,三筋二丁目,2
34108940002,五日市中央二丁目,1
34108940003,五日市中央三丁目,1
34108940004,五日市中央四丁目,2
34108940006,五日市中央六丁目,1
34108940007,五日市中央七丁目,5
34108941003,五日市三丁目,1
34108941005,五日市五丁目,2
341089420,新宮苑,1
34108943001,五日市駅前一丁目,3
34108943002,五日市駅前二丁目,2
34108943003,五日市駅前三丁目,2
341089460,旭園,3
341089470,海老山町,1
34108948001,海老園一丁目,1
34108948002,海老園二丁目,3
34108949002,楽々園二丁目,1
34108949003,楽々園三丁目,1
34108949004,楽々園四丁目,1
34108953002,皆賀二丁目,3
34108953003,皆賀三丁目,2
34108953004,皆賀四丁目,1
341089540,五日市町大字昭和台,1
341089550,五日市町大字美鈴園,1
34108959001,藤の木一丁目,7
34108959002,藤の木二丁目,2
34108959003,藤の木三丁目,2
34108959004,藤の木四丁目,1
34108971001,城山一丁目,4
34108971002,城山二丁目,2
34108972002,八幡東二丁目,2
34108972003,八幡東三丁目,6
34108972004,八幡東四丁目,8
34108973001,利松一丁目,4
34108974002,八幡二丁目,5
34108974004,八幡四丁目,3
34108974005,八幡五丁目,7
34108975001,薬師が丘一丁目,2
34108975002,薬師が丘二丁目,2
34108975003,薬師が丘三丁目,2
34108975004,薬師が丘四丁目,2
34108977001,観音台一丁目,4
34108977002,観音台二丁目,5
34108977003,観音台三丁目,4
34108977004,観音台四丁目,3
34108978001,倉重一丁目,3
34108979001,千同一丁目,3
34108979002,千同二丁目,3
34108979003,千同三丁目,1
34108980001,坪井一丁目,3
34108980002,坪井二丁目,3
34108980003,坪井三丁目,2
34108981003,三宅三丁目,8
34108981006,三宅六丁目,2
341089850,倉重町,1
34108986001,河内南一丁目,4
34108986002,河内南二丁目,8
34108988001,石内南一丁目,1
34108988002,石内南二丁目,2
34108988003,石内南三丁目,1
34108988004,石内南四丁目,2
34108991001,石内北一丁目,5
34108991002,石内北二丁目,3
34108991003,石内北三丁目,1
34108991004,石内北四丁目,1
34108991005,石内北五丁目,1
341089911,石内北,1
34108992001,石内東一丁目,1
34108992002,石内東二丁目,1
34108992004,石内東四丁目,4
