町丁目・大字別人口及び世帯,,,,,,,,,,,,,
令和8年7月末現在,,,,,,,,,,,,,
,,,,,,,,,,,,,
年,月,区名,住所名,秘匿区分,人口（総数計）:人,人口（総数男）:人,人口（総数女）:人,人口（日本人計）:人,人口（日本人男）:人,人口（日本人女）:人,人口（外国人）:人,世帯（総数）:世帯,世帯（日本人世帯）:世帯
2026,7,中区,白島北町,,"1,871",808,"1,063","1,758",747,"1,011",113,"1,185","1,127"
2026,7,中区,白島中町,,"1,124",517,607,"1,089",502,587,35,615,589
2026,7,中区,白島九軒町,,"1,380",623,757,"1,348",606,742,32,786,764
2026,7,中区,東白島町,,"3,621","1,730","1,891","3,519","1,689","1,830",102,"2,085","1,989"
2026,7,中区,西白島町,,"3,283","1,500","1,783","2,991","1,366","1,625",292,"2,073","1,882"
2026,7,中区,幟町,,"1,578",733,845,"1,459",671,788,119,"1,014",907
2026,7,中区,上幟町,,"2,543","1,180","1,363","2,496","1,155","1,341",47,"1,335","1,298"
2026,7,中区,鉄砲町,,520,250,270,512,245,267,8,360,355
2026,7,中区,八丁堀,,665,289,376,653,285,368,12,476,465
2026,7,中区,上八丁堀,,"1,488",665,823,"1,467",657,810,21,798,781
2026,7,中区,橋本町,,914,406,508,881,393,488,33,589,562
2026,7,中区,基町,,"4,109","1,756","2,353","2,801","1,132","1,669","1,308","2,586","1,992"
2026,7,中区,銀山町,,735,374,361,687,360,327,48,529,494
2026,7,中区,弥生町,,183,91,92,169,90,79,14,149,137
2026,7,中区,胡町,,33,18,15,33,18,15,0,20,20
2026,7,中区,薬研堀,,77,48,29,70,44,26,7,65,60
2026,7,中区,田中町,,385,182,203,311,160,151,74,250,193
2026,7,中区,三川町,,450,218,232,444,215,229,6,337,331
2026,7,中区,立町,,45,23,22,43,23,20,2,32,30
2026,7,中区,袋町,,514,225,289,496,218,278,18,324,307
2026,7,中区,中町,,914,387,527,884,376,508,30,564,539
2026,7,中区,紙屋町一丁目,,39,19,20,37,17,20,2,27,25
2026,7,中区,紙屋町二丁目,,24,12,12,24,12,12,0,11,11
2026,7,中区,大手町一丁目,,327,143,184,319,139,180,8,189,182
2026,7,中区,大手町二丁目,,393,169,224,389,167,222,4,283,279
2026,7,中区,大手町三丁目,,"1,527",709,818,"1,490",696,794,37,"1,050","1,019"
2026,7,中区,大手町四丁目,,697,310,387,684,308,376,13,520,507
2026,7,中区,大手町五丁目,,"2,709","1,206","1,503","2,597","1,158","1,439",112,"1,805","1,730"
2026,7,中区,鶴見町,,"2,258","1,082","1,176","2,155","1,040","1,115",103,"1,401","1,316"
2026,7,中区,昭和町,,"1,797",848,949,"1,713",818,895,84,"1,208","1,146"
2026,7,中区,宝町,,"1,900",848,"1,052","1,819",822,997,81,"1,371","1,312"
2026,7,中区,富士見町,,"1,877",876,"1,001","1,795",838,957,82,"1,350","1,286"
2026,7,中区,竹屋町,,"1,104",506,598,"1,058",484,574,46,803,764
2026,7,中区,小町,,"1,519",675,844,"1,496",668,828,23,957,939
2026,7,中区,国泰寺町一丁目,,"1,089",489,600,"1,030",460,570,59,804,752
2026,7,中区,国泰寺町二丁目,,"1,213",524,689,"1,199",514,685,14,811,799
2026,7,中区,平野町,,"2,204","1,026","1,178","2,166","1,016","1,150",38,"1,144","1,110"
2026,7,中区,南竹屋町,,"1,144",553,591,"1,073",517,556,71,718,649
2026,7,中区,千田町一丁目,,"1,099",456,643,"1,079",451,628,20,673,659
2026,7,中区,千田町二丁目,,981,432,549,943,422,521,38,601,563
2026,7,中区,千田町三丁目,,"1,869",852,"1,017","1,833",835,998,36,"1,013",989
2026,7,中区,東千田町一丁目,,"3,097","1,490","1,607","3,015","1,448","1,567",82,"1,418","1,375"
2026,7,中区,東千田町二丁目,,808,360,448,793,354,439,15,435,427
2026,7,中区,堀川町,,62,31,31,60,30,30,2,32,30
2026,7,中区,流川町,,113,62,51,102,60,42,11,80,69
2026,7,中区,新天地,,20,10,10,20,10,10,0,13,13
2026,7,中区,本通,,90,43,47,90,43,47,0,52,52
2026,7,中区,東平塚町,,"1,426",679,747,"1,358",654,704,68,"1,034",982
2026,7,中区,西平塚町,,989,464,525,864,419,445,125,760,655
2026,7,中区,南千田東町,,778,383,395,761,373,388,17,373,363
2026,7,中区,南千田西町,,973,423,550,951,416,535,22,538,519
2026,7,中区,十日市町一丁目,,"1,446",690,756,"1,427",680,747,19,947,931
2026,7,中区,十日市町二丁目,,"2,195","1,020","1,175","2,096",967,"1,129",99,"1,574","1,485"
2026,7,中区,西十日市町,,"1,233",554,679,"1,174",510,664,59,935,881
2026,7,中区,寺町,,392,173,219,380,169,211,12,212,203
2026,7,中区,猫屋町,,908,393,515,888,382,506,20,604,590
2026,7,中区,堺町一丁目,,"1,181",524,657,"1,161",514,647,20,766,748
2026,7,中区,堺町二丁目,,798,412,386,768,399,369,30,655,631
2026,7,中区,榎町,,"1,791",793,998,"1,731",768,963,60,"1,185","1,130"
2026,7,中区,小網町,,"1,206",561,645,"1,190",554,636,16,789,773
2026,7,中区,広瀬町,,844,395,449,827,389,438,17,570,555
2026,7,中区,広瀬北町,,"1,402",696,706,"1,268",626,642,134,878,751
2026,7,中区,河原町,,"2,163",967,"1,196","2,090",941,"1,149",73,"1,561","1,493"
2026,7,中区,土橋町,,"1,140",481,659,"1,132",480,652,8,719,711
2026,7,中区,本川町一丁目,,377,171,206,370,169,201,7,259,253
2026,7,中区,本川町二丁目,,888,408,480,847,389,458,41,570,546
2026,7,中区,本川町三丁目,,499,226,273,486,222,264,13,363,353
2026,7,中区,舟入町,,"1,312",590,722,"1,277",576,701,35,916,883
2026,7,中区,舟入本町,,"3,421","1,635","1,786","3,364","1,615","1,749",57,"2,179","2,128"
2026,7,中区,舟入中町,,"2,728","1,248","1,480","2,629","1,202","1,427",99,"1,746","1,659"
2026,7,中区,舟入幸町,,"2,627","1,213","1,414","2,606","1,202","1,404",21,"1,625","1,604"
2026,7,中区,舟入川口町,,"1,998",939,"1,059","1,953",913,"1,040",45,"1,181","1,144"
2026,7,中区,西川口町,,"1,411",680,731,"1,382",667,715,29,800,779
2026,7,中区,加古町,,"1,418",638,780,"1,400",629,771,18,768,756
2026,7,中区,吉島町,,"1,204",596,608,"1,171",583,588,33,701,669
2026,7,中区,中島町,,707,336,371,696,330,366,11,406,397
2026,7,中区,住吉町,,"2,441","1,143","1,298","2,339","1,099","1,240",102,"1,653","1,571"
2026,7,中区,羽衣町,,"1,523",726,797,"1,515",722,793,8,889,882
2026,7,中区,吉島東一丁目,,"2,484","1,176","1,308","2,454","1,156","1,298",30,"1,312","1,290"
2026,7,中区,吉島東二丁目,,"1,626",778,848,"1,606",773,833,20,720,701
2026,7,中区,吉島東三丁目,,419,213,206,408,205,203,11,246,236
2026,7,中区,吉島西一丁目,,"1,585",761,824,"1,541",739,802,44,897,854
2026,7,中区,吉島西二丁目,,"1,498",742,756,"1,459",713,746,39,736,702
2026,7,中区,吉島西三丁目,,"1,103",547,556,"1,093",539,554,10,515,505
2026,7,中区,吉島新町一丁目,,"1,617",739,878,"1,598",733,865,19,777,764
2026,7,中区,吉島新町二丁目,,"1,100",527,573,"1,059",504,555,41,625,590
2026,7,中区,光南一丁目,,"1,333",694,639,"1,299",675,624,34,740,708
2026,7,中区,光南二丁目,,968,493,475,950,487,463,18,620,603
2026,7,中区,光南三丁目,,770,414,356,748,400,348,22,413,393
2026,7,中区,光南四丁目,,779,375,404,763,364,399,16,406,393
2026,7,中区,光南五丁目,,422,234,188,375,199,176,47,243,203
2026,7,中区,光南六丁目,,408,194,214,397,188,209,11,188,182
2026,7,中区,南吉島一丁目,,42,18,24,40,17,23,2,26,25
2026,7,中区,南吉島二丁目,,171,82,89,171,82,89,0,100,100
2026,7,中区,舟入南一丁目,,817,372,445,795,360,435,22,448,428
2026,7,中区,舟入南二丁目,,"1,249",619,630,"1,241",616,625,8,618,611
2026,7,中区,舟入南三丁目,,"2,515","1,179","1,336","2,477","1,154","1,323",38,"1,256","1,231"
2026,7,中区,舟入南四丁目,,"1,414",667,747,"1,373",640,733,41,832,795
2026,7,中区,舟入南五丁目,,811,448,363,801,442,359,10,478,471
2026,7,中区,舟入南六丁目,,136,70,66,131,69,62,5,90,88
2026,7,中区,江波東一丁目,,"1,717",828,889,"1,694",816,878,23,950,932
2026,7,中区,江波東二丁目,,488,226,262,478,222,256,10,263,253
2026,7,中区,江波西一丁目,,"1,190",548,642,"1,174",541,633,16,649,639
2026,7,中区,江波西二丁目,,"1,465",696,769,"1,424",677,747,41,738,704
2026,7,中区,江波南一丁目,,"1,143",579,564,"1,091",535,556,52,612,568
2026,7,中区,江波南二丁目,,"2,671","1,301","1,370","2,608","1,266","1,342",63,"1,201","1,161"
2026,7,中区,江波南三丁目,@1-1,776,367,409,746,351,395,30,410,395
2026,7,中区,江波本町,,"1,584",806,778,"1,542",778,764,42,846,811
2026,7,中区,江波二本松一丁目,,760,389,371,725,374,351,35,452,422
2026,7,中区,江波二本松二丁目,,899,473,426,875,454,421,24,487,465
2026,7,中区,江波栄町,,"1,111",530,581,"1,078",516,562,33,547,527
2026,7,中区,江波沖町,*1-1,x,x,x,x,x,x,x,x,x
2026,7,東区,矢賀新町一丁目,,565,294,271,543,286,257,22,350,335
2026,7,東区,矢賀新町二丁目,,860,416,444,852,414,438,8,452,449
2026,7,東区,矢賀新町三丁目,,48,22,26,48,22,26,0,29,29
2026,7,東区,矢賀新町四丁目,,485,241,244,469,236,233,16,233,222
2026,7,東区,矢賀新町五丁目,,359,193,166,341,187,154,18,265,250
2026,7,東区,東蟹屋町,,"1,678",804,874,"1,610",758,852,68,916,866
2026,7,東区,若草町,,"1,862",842,"1,020","1,776",797,979,86,"1,312","1,252"
2026,7,東区,光町一丁目,,"1,952",882,"1,070","1,894",859,"1,035",58,"1,154","1,118"
2026,7,東区,光町二丁目,,"2,023",949,"1,074","1,968",923,"1,045",55,"1,238","1,192"
2026,7,東区,光が丘,,"1,061",518,543,"1,028",502,526,33,577,554
2026,7,東区,山根町,,"3,765","1,794","1,971","3,615","1,739","1,876",150,"1,961","1,856"
2026,7,東区,愛宕町,,403,210,193,388,205,183,15,286,276
2026,7,東区,二葉の里一丁目,,951,451,500,933,443,490,18,558,545
2026,7,東区,二葉の里二丁目,,593,279,314,592,278,314,1,333,332
2026,7,東区,二葉の里三丁目,,281,128,153,281,128,153,0,118,118
2026,7,東区,牛田東一丁目,,610,301,309,594,291,303,16,273,262
2026,7,東区,牛田東二丁目,,"1,842",839,"1,003","1,803",820,983,39,958,931
2026,7,東区,牛田東三丁目,,993,455,538,977,447,530,16,436,428
2026,7,東区,牛田東四丁目,,393,188,205,387,183,204,6,186,181
2026,7,東区,牛田南一丁目,,899,426,473,883,421,462,16,487,472
2026,7,東区,牛田南二丁目,,695,331,364,675,323,352,20,340,328
2026,7,東区,牛田早稲田一丁目,,"1,518",675,843,"1,491",662,829,27,736,719
2026,7,東区,牛田早稲田二丁目,,"1,294",601,693,"1,268",588,680,26,593,577
2026,7,東区,牛田早稲田三丁目,,"1,332",677,655,"1,305",663,642,27,427,414
2026,7,東区,牛田早稲田四丁目,,"1,844",872,972,"1,813",860,953,31,880,864
2026,7,東区,牛田中一丁目,,796,381,415,781,372,409,15,345,336
2026,7,東区,牛田中二丁目,,887,415,472,882,412,470,5,404,399
2026,7,東区,牛田本町一丁目,,745,330,415,740,329,411,5,413,408
2026,7,東区,牛田本町二丁目,,744,345,399,743,345,398,1,298,297
2026,7,東区,牛田本町三丁目,,485,211,274,483,210,273,2,240,238
2026,7,東区,牛田本町四丁目,,790,365,425,773,357,416,17,391,374
2026,7,東区,牛田本町五丁目,,859,406,453,848,400,448,11,384,379
2026,7,東区,牛田本町六丁目,,"1,794",914,880,"1,792",914,878,2,850,848
2026,7,東区,牛田旭一丁目,,"1,009",466,543,985,462,523,24,410,389
2026,7,東区,牛田旭二丁目,,"1,911",878,"1,033","1,893",868,"1,025",18,820,808
2026,7,東区,牛田新町一丁目,,"1,542",729,813,"1,521",714,807,21,830,812
2026,7,東区,牛田新町二丁目,,691,300,391,689,300,389,2,406,404
2026,7,東区,牛田新町三丁目,,"3,462","1,690","1,772","3,371","1,641","1,730",91,"1,597","1,516"
2026,7,東区,牛田新町四丁目,,"1,518",726,792,"1,491",710,781,27,716,702
2026,7,東区,上大須賀町,,632,292,340,611,281,330,21,397,381
2026,7,東区,矢賀一丁目,,833,414,419,815,408,407,18,448,432
2026,7,東区,矢賀二丁目,,891,421,470,868,412,456,23,402,389
2026,7,東区,矢賀三丁目,,690,338,352,680,335,345,10,350,344
2026,7,東区,矢賀四丁目,,788,375,413,761,365,396,27,491,468
2026,7,東区,矢賀五丁目,,40,20,20,40,20,20,0,18,18
2026,7,東区,矢賀六丁目,,983,484,499,974,482,492,9,437,428
2026,7,東区,東山町,,"1,235",575,660,"1,222",570,652,13,604,596
2026,7,東区,戸坂くるめ木一丁目,,"1,667",772,895,"1,626",750,876,41,820,792
2026,7,東区,戸坂くるめ木二丁目,,"1,037",533,504,"1,014",518,496,23,533,515
2026,7,東区,戸坂千足一丁目,,"1,779",830,949,"1,764",826,938,15,947,932
2026,7,東区,戸坂千足二丁目,,"1,060",484,576,"1,039",477,562,21,479,467
2026,7,東区,戸坂山崎町,,"1,180",566,614,"1,168",560,608,12,561,553
2026,7,東区,戸坂惣田一丁目,,571,287,284,561,283,278,10,294,286
2026,7,東区,戸坂惣田二丁目,,259,120,139,258,119,139,1,119,118
2026,7,東区,戸坂中町,,426,203,223,417,200,217,9,209,201
2026,7,東区,戸坂桜東町,,539,259,280,529,254,275,10,260,255
2026,7,東区,戸坂桜西町,,485,232,253,482,231,251,3,230,227
2026,7,東区,戸坂桜上町,,553,246,307,548,244,304,5,338,333
2026,7,東区,戸坂山根一丁目,,977,439,538,938,419,519,39,528,507
2026,7,東区,戸坂山根二丁目,,"1,128",542,586,"1,113",534,579,15,531,518
2026,7,東区,戸坂山根三丁目,,446,222,224,438,217,221,8,199,194
2026,7,東区,戸坂出江一丁目,,622,297,325,613,293,320,9,322,313
2026,7,東区,戸坂出江二丁目,,863,413,450,854,408,446,9,414,409
2026,7,東区,戸坂数甲一丁目,,319,154,165,318,154,164,1,129,128
2026,7,東区,戸坂数甲二丁目,,623,299,324,619,298,321,4,301,297
2026,7,東区,戸坂大上一丁目,,354,162,192,353,162,191,1,180,179
2026,7,東区,戸坂大上二丁目,,360,193,167,356,192,164,4,182,178
2026,7,東区,戸坂大上三丁目,,244,119,125,236,113,123,8,135,130
2026,7,東区,戸坂大上四丁目,,"1,502",744,758,"1,484",731,753,18,711,696
2026,7,東区,戸坂新町一丁目,,442,201,241,436,200,236,6,244,238
2026,7,東区,戸坂新町二丁目,,"1,717",800,917,"1,667",779,888,50,"1,010",973
2026,7,東区,戸坂南一丁目,,920,437,483,896,425,471,24,505,486
2026,7,東区,戸坂南二丁目,,464,219,245,459,218,241,5,262,257
2026,7,東区,尾長東一丁目,,517,238,279,493,230,263,24,306,288
2026,7,東区,尾長東二丁目,,738,371,367,692,355,337,46,423,392
2026,7,東区,尾長東三丁目,,634,306,328,619,300,319,15,350,335
2026,7,東区,尾長西一丁目,,688,335,353,655,323,332,33,405,384
2026,7,東区,尾長西二丁目,,738,359,379,719,352,367,19,452,435
2026,7,東区,曙一丁目,,303,145,158,292,139,153,11,211,202
2026,7,東区,曙二丁目,,635,331,304,589,309,280,46,405,364
2026,7,東区,曙三丁目,,117,71,46,116,70,46,1,76,75
2026,7,東区,曙四丁目,,369,191,178,353,182,171,16,243,229
2026,7,東区,曙五丁目,,361,197,164,332,179,153,29,256,235
2026,7,東区,戸坂長尾台,,192,94,98,190,92,98,2,76,74
2026,7,東区,中山南一丁目,,"1,774",861,913,"1,746",852,894,28,871,848
2026,7,東区,中山南二丁目,,392,199,193,372,192,180,20,198,186
2026,7,東区,中山西一丁目,,570,271,299,560,266,294,10,288,280
2026,7,東区,中山西二丁目,,"1,636",805,831,"1,610",791,819,26,705,692
2026,7,東区,中山東一丁目,,744,368,376,740,367,373,4,356,353
2026,7,東区,中山東二丁目,,279,132,147,275,130,145,4,147,143
2026,7,東区,中山東三丁目,,479,210,269,474,207,267,5,219,217
2026,7,東区,中山中町,,"1,234",590,644,"1,226",587,639,8,564,556
2026,7,東区,中山上一丁目,,839,408,431,837,407,430,2,262,260
2026,7,東区,中山上二丁目,,"1,608",806,802,"1,569",779,790,39,713,698
2026,7,東区,中山北町,,460,239,221,457,237,220,3,157,154
2026,7,東区,中山鏡が丘,,871,403,468,850,393,457,21,373,365
2026,7,東区,中山新町一丁目,,556,271,285,548,268,280,8,261,255
2026,7,東区,中山新町二丁目,,561,266,295,557,265,292,4,242,240
2026,7,東区,中山新町三丁目,,"1,428",710,718,"1,416",706,710,12,528,521
2026,7,東区,温品一丁目,,510,261,249,507,260,247,3,219,216
2026,7,東区,温品二丁目,,"1,193",583,610,"1,172",577,595,21,596,581
2026,7,東区,温品三丁目,,"1,260",617,643,"1,248",613,635,12,608,599
2026,7,東区,温品四丁目,,"1,530",713,817,"1,473",675,798,57,795,752
2026,7,東区,温品五丁目,,"1,065",530,535,"1,052",522,530,13,434,425
2026,7,東区,温品六丁目,,695,328,367,688,324,364,7,329,323
2026,7,東区,温品七丁目,,689,350,339,682,349,333,7,336,332
2026,7,東区,温品八丁目,,358,175,183,351,173,178,7,168,164
2026,7,東区,上温品一丁目,,837,398,439,824,391,433,13,394,381
2026,7,東区,上温品二丁目,,"1,041",493,548,"1,033",488,545,8,531,525
2026,7,東区,上温品三丁目,,918,444,474,913,444,469,5,419,415
2026,7,東区,上温品四丁目,,"2,011",925,"1,086","2,000",918,"1,082",11,995,986
2026,7,東区,馬木一丁目,,148,77,71,145,74,71,3,85,82
2026,7,東区,馬木二丁目,,542,264,278,528,254,274,14,286,273
2026,7,東区,馬木三丁目,,931,453,478,921,445,476,10,476,466
2026,7,東区,馬木四丁目,,627,309,318,620,306,314,7,310,303
2026,7,東区,馬木五丁目,,498,249,249,494,247,247,4,263,259
2026,7,東区,馬木六丁目,,413,204,209,412,204,208,1,197,196
2026,7,東区,馬木七丁目,,"1,264",599,665,"1,243",588,655,21,502,485
2026,7,東区,馬木八丁目,,720,349,371,709,346,363,11,348,339
2026,7,東区,馬木九丁目,,922,426,496,912,422,490,10,415,407
2026,7,東区,福田一丁目,,"1,098",538,560,"1,073",523,550,25,519,502
2026,7,東区,福田二丁目,,465,238,227,432,216,216,33,229,196
2026,7,東区,福田三丁目,,864,398,466,847,389,458,17,427,411
2026,7,東区,福田四丁目,,644,321,323,639,318,321,5,277,272
2026,7,東区,福田五丁目,,862,441,421,817,401,416,45,434,393
2026,7,東区,福田六丁目,,286,142,144,283,140,143,3,132,129
2026,7,東区,福田七丁目,,872,442,430,846,420,426,26,441,418
2026,7,東区,福田八丁目,,"1,443",717,726,"1,406",688,718,37,734,699
2026,7,東区,温品町,,351,174,177,343,168,175,8,155,151
2026,7,東区,馬木町,,12,8,4,12,8,4,0,6,6
2026,7,東区,福田町,,33,15,18,33,15,18,0,17,17
2026,7,南区,仁保町,*3-1,x,x,x,x,x,x,x,x,x
2026,7,南区,松原町,,"1,356",662,694,"1,319",640,679,37,697,671
2026,7,南区,大須賀町,,"1,710",746,964,"1,649",714,935,61,978,939
2026,7,南区,猿猴橋町,,146,79,67,133,76,57,13,121,108
2026,7,南区,荒神町,,143,55,88,140,54,86,3,99,96
2026,7,南区,京橋町,,646,331,315,621,320,301,25,459,438
2026,7,南区,的場町一丁目,,482,216,266,474,212,262,8,285,280
2026,7,南区,的場町二丁目,,534,287,247,526,284,242,8,357,349
2026,7,南区,松川町,,668,295,373,632,277,355,36,402,372
2026,7,南区,金屋町,,679,334,345,667,325,342,12,483,471
2026,7,南区,比治山町,,"1,136",561,575,"1,089",537,552,47,768,727
2026,7,南区,稲荷町,,494,226,268,486,223,263,8,289,282
2026,7,南区,比治山本町,,"2,241","1,045","1,196","2,198","1,028","1,170",43,"1,044","1,007"
2026,7,南区,青崎一丁目,,714,345,369,707,343,364,7,383,376
2026,7,南区,青崎二丁目,,"1,841",908,933,"1,818",901,917,23,939,921
2026,7,南区,東青崎町,,601,283,318,592,279,313,9,319,314
2026,7,南区,堀越一丁目,,445,234,211,445,234,211,0,254,254
2026,7,南区,堀越二丁目,,"1,123",523,600,"1,108",517,591,15,497,485
2026,7,南区,堀越三丁目,,809,399,410,798,392,406,11,412,403
2026,7,南区,向洋本町,,754,378,376,734,364,370,20,391,374
2026,7,南区,向洋中町,,325,154,171,324,154,170,1,185,184
2026,7,南区,向洋大原町,,"1,146",684,462,"1,142",684,458,4,648,645
2026,7,南区,小磯町,,194,194,0,193,193,0,1,194,193
2026,7,南区,西荒神町,,288,139,149,171,81,90,117,181,99
2026,7,南区,東荒神町,,241,121,120,231,112,119,10,172,162
2026,7,南区,西蟹屋一丁目,,131,89,42,127,86,41,4,110,106
2026,7,南区,西蟹屋二丁目,,308,144,164,307,144,163,1,190,189
2026,7,南区,西蟹屋三丁目,,"1,035",486,549,"1,006",472,534,29,610,587
2026,7,南区,西蟹屋四丁目,,739,396,343,706,373,333,33,468,442
2026,7,南区,南蟹屋一丁目,,"1,367",635,732,"1,309",614,695,58,798,749
2026,7,南区,南蟹屋二丁目,,911,452,459,903,451,452,8,352,348
2026,7,南区,大州一丁目,,888,437,451,870,428,442,18,473,461
2026,7,南区,大州二丁目,,"1,103",642,461,"1,083",633,450,20,729,711
2026,7,南区,大州三丁目,,572,327,245,562,322,240,10,330,320
2026,7,南区,大州四丁目,,684,373,311,666,361,305,18,336,324
2026,7,南区,大州五丁目,,"1,373",790,583,"1,364",784,580,9,761,755
2026,7,南区,東駅町,,4,4,0,4,4,0,0,4,4
2026,7,南区,向洋新町一丁目,,"1,341",678,663,"1,338",678,660,3,599,596
2026,7,南区,向洋新町二丁目,,"1,814",906,908,"1,800",899,901,14,853,842
2026,7,南区,向洋新町三丁目,,"2,039",989,"1,050","2,024",984,"1,040",15,871,859
2026,7,南区,向洋新町四丁目,,406,208,198,405,207,198,1,163,162
2026,7,南区,宇品町,,53,48,5,10,5,5,43,52,9
2026,7,南区,元宇品町,,"1,429",681,748,"1,393",662,731,36,744,708
2026,7,南区,似島町,@3-1,591,287,304,558,258,300,33,408,378
2026,7,南区,皆実町一丁目,,"3,039","1,461","1,578","2,999","1,443","1,556",40,"1,371","1,345"
2026,7,南区,皆実町二丁目,,96,52,44,94,51,43,2,53,52
2026,7,南区,皆実町三丁目,,"1,209",574,635,"1,201",571,630,8,615,607
2026,7,南区,皆実町四丁目,,"1,578",780,798,"1,570",775,795,8,801,794
2026,7,南区,皆実町五丁目,,"1,485",698,787,"1,476",695,781,9,773,764
2026,7,南区,皆実町六丁目,,"1,576",763,813,"1,551",746,805,25,942,918
2026,7,南区,上東雲町,,"1,762",865,897,"1,718",843,875,44,978,941
2026,7,南区,東雲本町一丁目,,"1,534",714,820,"1,508",706,802,26,865,842
2026,7,南区,東雲本町二丁目,,"1,909",950,959,"1,858",924,934,51,"1,072","1,031"
2026,7,南区,東雲本町三丁目,,795,402,393,775,392,383,20,511,497
2026,7,南区,東雲一丁目,,"1,955","1,010",945,"1,873",961,912,82,"1,101","1,029"
2026,7,南区,東雲二丁目,,"3,782","1,939","1,843","3,682","1,884","1,798",100,"2,019","1,943"
2026,7,南区,東雲三丁目,,"2,149","1,094","1,055","2,112","1,074","1,038",37,"1,026",990
2026,7,南区,仁保新町一丁目,,793,368,425,776,361,415,17,410,394
2026,7,南区,仁保新町二丁目,,"1,592",767,825,"1,557",747,810,35,808,778
2026,7,南区,黄金山町,,461,226,235,455,226,229,6,242,238
2026,7,南区,仁保一丁目,,"1,941",920,"1,021","1,888",893,995,53,952,908
2026,7,南区,仁保二丁目,,"1,004",486,518,992,480,512,12,508,496
2026,7,南区,仁保三丁目,,"1,264",626,638,"1,230",600,630,34,582,555
2026,7,南区,仁保四丁目,,330,153,177,328,152,176,2,162,160
2026,7,南区,東本浦町,,"1,899",944,955,"1,859",926,933,40,985,953
2026,7,南区,西本浦町,,"1,098",498,600,"1,076",490,586,22,571,553
2026,7,南区,本浦町,,"1,712",802,910,"1,696",795,901,16,858,843
2026,7,南区,山城町,,561,261,300,548,257,291,13,273,261
2026,7,南区,北大河町,,"1,493",705,788,"1,477",697,780,16,744,733
2026,7,南区,南大河町,,"1,123",544,579,"1,118",542,576,5,548,545
2026,7,南区,丹那町,,"2,819","1,414","1,405","2,764","1,381","1,383",55,"1,375","1,324"
2026,7,南区,丹那新町,,536,261,275,521,254,267,15,271,260
2026,7,南区,日宇那町,,620,282,338,619,282,337,1,317,316
2026,7,南区,楠那町,,443,224,219,438,220,218,5,214,209
2026,7,南区,東霞町,,"1,028",467,561,966,433,533,62,504,464
2026,7,南区,西霞町,,"1,256",604,652,"1,239",597,642,17,675,662
2026,7,南区,宇品西一丁目,,628,316,312,626,315,311,2,310,309
2026,7,南区,宇品西二丁目,,"1,867",916,951,"1,844",900,944,23,951,934
2026,7,南区,宇品西三丁目,,"1,745",851,894,"1,728",846,882,17,795,784
2026,7,南区,宇品西四丁目,,"1,491",720,771,"1,476",713,763,15,669,661
2026,7,南区,宇品西五丁目,,"1,852",924,928,"1,835",918,917,17,680,669
2026,7,南区,宇品西六丁目,,628,282,346,616,278,338,12,274,263
2026,7,南区,宇品御幸一丁目,,"2,522","1,175","1,347","2,508","1,169","1,339",14,"1,207","1,195"
2026,7,南区,宇品御幸二丁目,,"1,322",631,691,"1,302",618,684,20,716,700
2026,7,南区,宇品御幸三丁目,,"1,564",774,790,"1,535",758,777,29,850,824
2026,7,南区,宇品御幸四丁目,,"1,357",639,718,"1,320",618,702,37,730,700
2026,7,南区,宇品御幸五丁目,,"1,098",565,533,"1,074",551,523,24,607,588
2026,7,南区,宇品神田一丁目,,590,276,314,585,273,312,5,383,378
2026,7,南区,宇品神田二丁目,,"1,009",489,520,"1,000",483,517,9,525,516
2026,7,南区,宇品神田三丁目,,748,374,374,740,371,369,8,436,429
2026,7,南区,宇品神田四丁目,,801,385,416,795,382,413,6,411,408
2026,7,南区,宇品神田五丁目,,"2,708","1,329","1,379","2,646","1,294","1,352",62,"1,499","1,448"
2026,7,南区,宇品東一丁目,,725,337,388,722,336,386,3,396,394
2026,7,南区,宇品東二丁目,,712,358,354,699,350,349,13,388,377
2026,7,南区,宇品東三丁目,,740,324,416,731,318,413,9,363,354
2026,7,南区,宇品東五丁目,,17,8,9,17,8,9,0,17,17
2026,7,南区,宇品東六丁目,,"2,103","1,059","1,044","2,086","1,052","1,034",17,779,767
2026,7,南区,宇品東七丁目,,870,432,438,860,430,430,10,464,455
2026,7,南区,宇品海岸一丁目,,"1,695",798,897,"1,660",786,874,35,882,855
2026,7,南区,宇品海岸二丁目,,"1,358",687,671,"1,323",666,657,35,849,823
2026,7,南区,宇品海岸三丁目,,697,311,386,688,305,383,9,305,297
2026,7,南区,出島一丁目,,811,414,397,774,386,388,37,410,376
2026,7,南区,出島二丁目,,123,70,53,115,65,50,8,84,78
2026,7,南区,霞一丁目,,975,411,564,946,398,548,29,705,689
2026,7,南区,霞二丁目,,436,215,221,431,212,219,5,251,246
2026,7,南区,出汐一丁目,,"1,026",476,550,949,451,498,77,591,535
2026,7,南区,出汐二丁目,,860,425,435,820,410,410,40,483,450
2026,7,南区,出汐三丁目,,445,223,222,434,215,219,11,278,267
2026,7,南区,出汐四丁目,,176,97,79,170,93,77,6,146,140
2026,7,南区,旭一丁目,,"1,188",564,624,"1,161",550,611,27,620,597
2026,7,南区,旭二丁目,,"1,152",562,590,"1,143",560,583,9,591,584
2026,7,南区,旭三丁目,,814,396,418,804,391,413,10,411,403
2026,7,南区,西旭町,,"1,726",840,886,"1,715",836,879,11,832,824
2026,7,南区,翠一丁目,,998,465,533,989,462,527,9,454,445
2026,7,南区,翠二丁目,,"1,811",881,930,"1,797",872,925,14,906,895
2026,7,南区,翠三丁目,,"1,043",487,556,"1,034",483,551,9,514,505
2026,7,南区,翠四丁目,,"1,157",535,622,"1,140",525,615,17,561,547
2026,7,南区,翠五丁目,,"1,766",846,920,"1,742",840,902,24,952,933
2026,7,南区,西翠町,,141,67,74,140,67,73,1,91,90
2026,7,南区,段原南一丁目,,"1,628",762,866,"1,602",750,852,26,877,860
2026,7,南区,段原南二丁目,,954,445,509,941,440,501,13,528,516
2026,7,南区,段原一丁目,,699,314,385,679,306,373,20,389,374
2026,7,南区,段原二丁目,,"1,697",811,886,"1,668",795,873,29,867,847
2026,7,南区,段原三丁目,,"1,667",785,882,"1,629",767,862,38,963,930
2026,7,南区,段原四丁目,,987,457,530,974,452,522,13,481,473
2026,7,南区,段原日出一丁目,,845,399,446,839,397,442,6,379,375
2026,7,南区,段原日出二丁目,,522,245,277,519,244,275,3,221,219
2026,7,南区,段原山崎一丁目,,544,245,299,543,245,298,1,222,221
2026,7,南区,段原山崎二丁目,,"1,020",483,537,"1,011",481,530,9,439,432
2026,7,南区,段原山崎三丁目,,432,203,229,425,200,225,7,240,236
2026,7,南区,仁保南一丁目,,679,345,334,676,343,333,3,321,319
2026,7,南区,仁保南二丁目,,731,363,368,727,361,366,4,326,322
2026,7,西区,中広町一丁目,,"1,556",756,800,"1,460",708,752,96,999,929
2026,7,西区,中広町二丁目,,"1,580",773,807,"1,536",752,784,44,"1,019",979
2026,7,西区,中広町三丁目,,"1,812",878,934,"1,731",832,899,81,"1,063",999
2026,7,西区,天満町,,"2,100",996,"1,104","2,028",964,"1,064",72,"1,390","1,333"
2026,7,西区,上天満町,,"1,467",725,742,"1,428",705,723,39,837,804
2026,7,西区,観音町,,"2,026",925,"1,101","1,979",895,"1,084",47,"1,300","1,260"
2026,7,西区,観音本町一丁目,,"1,503",726,777,"1,474",710,764,29,959,938
2026,7,西区,観音本町二丁目,,"1,054",528,526,"1,038",514,524,16,573,559
2026,7,西区,観音新町一丁目,,"2,430","1,181","1,249","2,366","1,147","1,219",64,"1,138","1,085"
2026,7,西区,観音新町二丁目,,437,230,207,419,223,196,18,272,263
2026,7,西区,観音新町三丁目,,"1,064",538,526,"1,008",505,503,56,545,499
2026,7,西区,観音新町四丁目,,135,79,56,133,78,55,2,60,58
2026,7,西区,東観音町,,"2,070",993,"1,077","2,018",966,"1,052",52,"1,237","1,198"
2026,7,西区,西観音町,,"1,303",651,652,"1,276",634,642,27,868,849
2026,7,西区,南観音町,,"2,099","1,087","1,012","2,028","1,042",986,71,"1,259","1,200"
2026,7,西区,都町,,"1,002",448,554,841,370,471,161,653,548
2026,7,西区,福島町一丁目,,839,425,414,725,369,356,114,537,475
2026,7,西区,福島町二丁目,,"1,203",540,663,986,456,530,217,808,674
2026,7,西区,小河内町一丁目,,796,391,405,722,349,373,74,508,454
2026,7,西区,小河内町二丁目,,"1,422",764,658,"1,278",686,592,144,956,823
2026,7,西区,草津本町,,636,307,329,627,303,324,9,354,345
2026,7,西区,草津浜町,,"1,082",568,514,"1,038",546,492,44,618,577
2026,7,西区,古江新町,,"1,786",866,920,"1,767",853,914,19,838,821
2026,7,西区,三篠町一丁目,,"1,559",733,826,"1,512",710,802,47,"1,115","1,074"
2026,7,西区,三篠町二丁目,,"1,850",898,952,"1,784",864,920,66,"1,129","1,070"
2026,7,西区,三篠町三丁目,,"2,015",939,"1,076","1,970",915,"1,055",45,"1,262","1,220"
2026,7,西区,三篠北町,,"1,531",756,775,"1,441",711,730,90,937,855
2026,7,西区,横川町一丁目,,"1,138",513,625,"1,129",509,620,9,728,719
2026,7,西区,横川町二丁目,,"1,573",722,851,"1,495",682,813,78,"1,090","1,024"
2026,7,西区,横川町三丁目,,"1,182",574,608,"1,139",559,580,43,804,766
2026,7,西区,横川新町,,"1,688",750,938,"1,614",708,906,74,"1,052",993
2026,7,西区,楠木町一丁目,,"2,316","1,116","1,200","1,949",932,"1,017",367,"1,722","1,388"
2026,7,西区,楠木町二丁目,,995,486,509,975,474,501,20,539,520
2026,7,西区,楠木町三丁目,,"1,182",585,597,"1,155",568,587,27,706,688
2026,7,西区,楠木町四丁目,,"1,076",509,567,"1,016",484,532,60,706,651
2026,7,西区,三滝町,,"1,458",725,733,"1,410",702,708,48,841,799
2026,7,西区,新庄町,,"1,193",599,594,"1,159",583,576,34,667,642
2026,7,西区,打越町,,"1,451",677,774,"1,422",665,757,29,837,811
2026,7,西区,山手町,,736,404,332,698,370,328,38,412,376
2026,7,西区,庚午北一丁目,,"2,010",996,"1,014","1,988",985,"1,003",22,"1,161","1,139"
2026,7,西区,庚午北二丁目,,"1,783",867,916,"1,765",861,904,18,"1,003",990
2026,7,西区,庚午北三丁目,,"1,058",484,574,"1,041",478,563,17,541,529
2026,7,西区,庚午北四丁目,,"1,837",901,936,"1,818",894,924,19,908,891
2026,7,西区,庚午中一丁目,,"2,749","1,334","1,415","2,709","1,312","1,397",40,"1,310","1,283"
2026,7,西区,庚午中二丁目,,"2,038",992,"1,046","1,993",960,"1,033",45,"1,010",967
2026,7,西区,庚午中三丁目,,"1,237",577,660,"1,231",572,659,6,618,614
2026,7,西区,庚午中四丁目,,"2,202","1,051","1,151","2,145","1,024","1,121",57,"1,138","1,090"
2026,7,西区,庚午南一丁目,,"2,562","1,187","1,375","2,516","1,167","1,349",46,"1,227","1,188"
2026,7,西区,庚午南二丁目,,"2,057",996,"1,061","2,004",974,"1,030",53,"1,109","1,077"
2026,7,西区,高須一丁目,,"1,395",669,726,"1,366",659,707,29,742,721
2026,7,西区,高須二丁目,,"1,015",494,521,"1,002",490,512,13,531,518
2026,7,西区,高須三丁目,,"1,214",575,639,"1,207",570,637,7,569,563
2026,7,西区,高須四丁目,,850,429,421,839,424,415,11,423,412
2026,7,西区,古江東町,,"2,653","1,300","1,353","2,600","1,283","1,317",53,"1,203","1,162"
2026,7,西区,古江西町,,"3,511","1,663","1,848","3,484","1,647","1,837",27,"1,613","1,591"
2026,7,西区,古江上一丁目,,"1,066",509,557,"1,062",506,556,4,492,488
2026,7,西区,古江上二丁目,,976,470,506,966,463,503,10,474,464
2026,7,西区,田方一丁目,,"1,917",927,990,"1,901",923,978,16,859,844
2026,7,西区,田方二丁目,,"1,120",524,596,"1,106",517,589,14,555,542
2026,7,西区,田方三丁目,,"1,016",498,518,987,482,505,29,521,500
2026,7,西区,大芝一丁目,,"1,249",613,636,"1,189",586,603,60,770,713
2026,7,西区,大芝二丁目,,"1,314",645,669,"1,282",625,657,32,630,601
2026,7,西区,大芝三丁目,,939,478,461,894,456,438,45,603,558
2026,7,西区,大宮一丁目,,"1,300",640,660,"1,231",600,631,69,802,748
2026,7,西区,大宮二丁目,,800,415,385,772,392,380,28,418,393
2026,7,西区,大宮三丁目,,342,175,167,328,168,160,14,233,223
2026,7,西区,南観音一丁目,,"2,201","1,113","1,088","2,156","1,088","1,068",45,"1,134","1,092"
2026,7,西区,南観音二丁目,,"2,469","1,231","1,238","2,418","1,204","1,214",51,"1,344","1,303"
2026,7,西区,南観音三丁目,,"1,222",638,584,"1,183",619,564,39,744,712
2026,7,西区,南観音四丁目,,"1,271",659,612,"1,196",610,586,75,674,611
2026,7,西区,南観音五丁目,,"1,203",592,611,"1,177",579,598,26,522,503
2026,7,西区,南観音六丁目,,"1,409",690,719,"1,395",685,710,14,615,604
2026,7,西区,南観音七丁目,,"1,580",787,793,"1,562",775,787,18,772,756
2026,7,西区,南観音八丁目,,"1,508",745,763,"1,479",729,750,29,770,747
2026,7,西区,草津東一丁目,,"1,082",557,525,"1,063",548,515,19,616,601
2026,7,西区,草津東二丁目,,"1,132",523,609,"1,082",500,582,50,618,584
2026,7,西区,草津東三丁目,,373,183,190,361,180,181,12,208,197
2026,7,西区,草津南一丁目,,675,327,348,639,307,332,36,354,319
2026,7,西区,草津南二丁目,,731,331,400,689,328,361,42,434,393
2026,7,西区,草津南三丁目,,304,164,140,298,159,139,6,202,196
2026,7,西区,草津南四丁目,,725,347,378,723,346,377,2,340,338
2026,7,西区,井口一丁目,,"1,989",988,"1,001","1,940",980,960,49,931,889
2026,7,西区,井口二丁目,,"2,312","1,132","1,180","2,290","1,113","1,177",22,996,976
2026,7,西区,井口三丁目,,"2,247","1,023","1,224","2,214","1,010","1,204",33,"1,082","1,053"
2026,7,西区,井口四丁目,,"3,089","1,509","1,580","3,033","1,491","1,542",56,"1,332","1,280"
2026,7,西区,井口五丁目,,"2,523","1,256","1,267","2,500","1,244","1,256",23,"1,103","1,086"
2026,7,西区,井口鈴が台一丁目,,"1,455",710,745,"1,439",703,736,16,643,634
2026,7,西区,井口鈴が台二丁目,,611,288,323,610,287,323,1,260,259
2026,7,西区,井口鈴が台三丁目,,"1,208",580,628,"1,198",575,623,10,551,543
2026,7,西区,竜王町,,"1,398",694,704,"1,372",684,688,26,677,661
2026,7,西区,三滝本町一丁目,,"1,611",757,854,"1,573",743,830,38,780,750
2026,7,西区,三滝本町二丁目,@4-1,"1,333",638,695,"1,293",618,675,40,664,635
2026,7,西区,三滝山,*4-1,x,x,x,x,x,x,x,x,x
2026,7,西区,己斐本町一丁目,,"1,049",453,596,"1,047",453,594,2,712,710
2026,7,西区,己斐本町二丁目,,"1,573",771,802,"1,546",755,791,27,996,971
2026,7,西区,己斐本町三丁目,,"1,837",861,976,"1,821",854,967,16,972,956
2026,7,西区,己斐中一丁目,,888,430,458,877,422,455,11,557,546
2026,7,西区,己斐中二丁目,,705,350,355,684,341,343,21,408,390
2026,7,西区,己斐中三丁目,,"1,964",938,"1,026","1,935",927,"1,008",29,"1,007",988
2026,7,西区,己斐西町,,"1,909",974,935,"1,900",971,929,9,"1,008","1,001"
2026,7,西区,己斐東一丁目,,462,220,242,456,216,240,6,248,242
2026,7,西区,己斐東二丁目,,978,450,528,966,445,521,12,467,458
2026,7,西区,己斐上一丁目,,827,407,420,809,397,412,18,438,428
2026,7,西区,己斐上二丁目,,"3,209","1,598","1,611","3,174","1,577","1,597",35,"1,502","1,474"
2026,7,西区,己斐上三丁目,,"2,570","1,243","1,327","2,532","1,215","1,317",38,"1,250","1,215"
2026,7,西区,己斐上四丁目,,999,511,488,978,503,475,21,492,479
2026,7,西区,己斐上五丁目,,"1,928",931,997,"1,898",911,987,30,963,936
2026,7,西区,己斐上六丁目,,163,73,90,163,73,90,0,134,134
2026,7,西区,草津梅が台,,660,303,357,653,299,354,7,351,344
2026,7,西区,鈴が峰町,,"4,097","1,846","2,251","3,981","1,800","2,181",116,"2,240","2,165"
2026,7,西区,井口明神一丁目,,"1,383",662,721,"1,349",648,701,34,552,528
2026,7,西区,井口明神二丁目,,885,437,448,854,417,437,31,376,349
2026,7,西区,井口明神三丁目,,823,412,411,677,316,361,146,447,318
2026,7,西区,草津新町一丁目,,"2,060","1,081",979,"2,044","1,073",971,16,937,924
2026,7,西区,草津新町二丁目,,"1,946",932,"1,014","1,866",892,974,80,943,866
2026,7,西区,商工センター五丁目,*4-2,x,x,x,x,x,x,x,x,x
2026,7,西区,商工センター八丁目,*4-2,x,x,x,x,x,x,x,x,x
2026,7,西区,草津港一丁目,*4-2,x,x,x,x,x,x,x,x,x
2026,7,西区,草津港三丁目,@4-2,19,9,10,8,8,0,11,19,8
2026,7,西区,扇二丁目,,7,7,0,0,0,0,7,7,0
2026,7,西区,己斐大迫一丁目,,961,459,502,956,456,500,5,462,457
2026,7,西区,己斐大迫二丁目,,"1,119",537,582,"1,113",534,579,6,514,508
2026,7,西区,己斐大迫三丁目,,"1,689",784,905,"1,667",771,896,22,823,808
2026,7,西区,山田町,,376,194,182,375,193,182,1,180,179
2026,7,西区,山田新町一丁目,,912,434,478,898,433,465,14,400,386
2026,7,西区,山田新町二丁目,,904,426,478,867,401,466,37,445,412
2026,7,西区,井口台一丁目,,"1,490",736,754,"1,449",714,735,41,707,671
2026,7,西区,井口台二丁目,,"2,085",995,"1,090","2,069",988,"1,081",16,884,874
2026,7,西区,井口台三丁目,,"2,717","1,296","1,421","2,684","1,280","1,404",33,"1,236","1,209"
2026,7,西区,井口台四丁目,,246,119,127,242,116,126,4,114,111
2026,7,西区,高須台一丁目,,616,299,317,615,299,316,1,240,239
2026,7,西区,高須台二丁目,,526,261,265,519,258,261,7,215,209
2026,7,西区,高須台三丁目,,"1,006",484,522,998,481,517,8,396,392
2026,7,西区,高須台四丁目,,628,303,325,622,300,322,6,247,242
2026,7,西区,高須台五丁目,,648,319,329,641,316,325,7,247,243
2026,7,西区,高須台六丁目,,608,299,309,607,298,309,1,232,231
2026,7,西区,古田台一丁目,,232,113,119,232,113,119,0,91,91
2026,7,西区,古田台二丁目,,472,244,228,466,241,225,6,159,154
2026,7,安佐南区,山本新町一丁目,,351,169,182,351,169,182,0,125,125
2026,7,安佐南区,山本新町二丁目,,"1,016",520,496,"1,007",515,492,9,346,341
2026,7,安佐南区,山本新町三丁目,,"2,464","1,242","1,222","2,436","1,228","1,208",28,697,682
2026,7,安佐南区,山本新町四丁目,,"2,085","1,068","1,017","2,000","1,018",982,85,598,561
2026,7,安佐南区,山本新町五丁目,,"2,878","1,448","1,430","2,825","1,421","1,404",53,851,823
2026,7,安佐南区,伴南一丁目,,"1,456",729,727,"1,438",717,721,18,550,534
2026,7,安佐南区,伴南二丁目,,6,6,0,6,6,0,0,6,6
2026,7,安佐南区,伴南四丁目,,"1,555",771,784,"1,554",771,783,1,542,541
2026,7,安佐南区,伴南五丁目,,"2,898","1,471","1,427","2,877","1,458","1,419",21,843,833
2026,7,安佐南区,伴北四丁目,,10,5,5,10,5,5,0,4,4
2026,7,安佐南区,伴北五丁目,,237,123,114,235,122,113,2,112,110
2026,7,安佐南区,伴北六丁目,,46,19,27,46,19,27,0,27,27
2026,7,安佐南区,伴北七丁目,,"2,737","1,359","1,378","2,715","1,351","1,364",22,861,847
2026,7,安佐南区,伴西三丁目,*5-1,x,x,x,x,x,x,x,x,x
2026,7,安佐南区,伴西四丁目,@5-1,683,334,349,670,331,339,13,283,270
2026,7,安佐南区,伴西五丁目,,80,41,39,80,41,39,0,43,43
2026,7,安佐南区,伴西六丁目,,134,62,72,134,62,72,0,59,59
2026,7,安佐南区,伴中央一丁目,,429,221,208,415,212,203,14,194,183
2026,7,安佐南区,伴中央二丁目,,737,384,353,712,366,346,25,376,351
2026,7,安佐南区,伴中央三丁目,,113,62,51,108,57,51,5,60,55
2026,7,安佐南区,伴中央四丁目,,839,432,407,812,415,397,27,448,429
2026,7,安佐南区,伴中央五丁目,,630,322,308,610,308,302,20,248,231
2026,7,安佐南区,伴中央六丁目,,649,325,324,615,309,306,34,343,309
2026,7,安佐南区,伴中央七丁目,,322,164,158,310,156,154,12,142,130
2026,7,安佐南区,伴東町,*5-4,x,x,x,x,x,x,x,x,x
2026,7,安佐南区,大塚東町,*5-2,x,x,x,x,x,x,x,x,x
2026,7,安佐南区,伴東一丁目,,"2,441","1,185","1,256","2,418","1,178","1,240",23,"1,143","1,120"
2026,7,安佐南区,伴東二丁目,,"1,722",849,873,"1,693",828,865,29,862,834
2026,7,安佐南区,伴東三丁目,,795,430,365,786,423,363,9,412,403
2026,7,安佐南区,伴東四丁目,,"1,239",625,614,"1,183",575,608,56,585,531
2026,7,安佐南区,伴東五丁目,,"1,256",636,620,"1,227",623,604,29,640,615
2026,7,安佐南区,伴東六丁目,*5-5,x,x,x,x,x,x,x,x,x
2026,7,安佐南区,伴東七丁目,@5-5,"3,079","1,504","1,575","3,022","1,474","1,548",57,"1,478","1,423"
2026,7,安佐南区,伴東八丁目,,"2,928","1,416","1,512","2,909","1,408","1,501",19,"1,289","1,271"
2026,7,安佐南区,大塚東一丁目,,51,25,26,51,25,26,0,22,22
2026,7,安佐南区,大塚東二丁目,,152,79,73,147,74,73,5,99,94
2026,7,安佐南区,大塚東三丁目,@5-2,100,42,58,56,22,34,44,94,50
2026,7,安佐南区,大塚西一丁目,,975,482,493,959,469,490,16,357,345
2026,7,安佐南区,大塚西二丁目,,829,387,442,802,384,418,27,399,372
2026,7,安佐南区,大塚西三丁目,,"2,601","1,239","1,362","2,516","1,200","1,316",85,"1,317","1,247"
2026,7,安佐南区,大塚西四丁目,,144,65,79,142,65,77,2,66,64
2026,7,安佐南区,大塚西五丁目,,124,60,64,119,57,62,5,47,42
2026,7,安佐南区,大塚西六丁目,,"1,222",574,648,"1,204",564,640,18,574,562
2026,7,安佐南区,大塚西七丁目,,"2,570","1,253","1,317","2,540","1,235","1,305",30,"1,024","1,003"
2026,7,安佐南区,沼田町大字阿戸,,753,371,382,740,369,371,13,377,364
2026,7,安佐南区,沼田町大字吉山,,924,437,487,898,433,465,26,469,443
2026,7,安佐南区,川内一丁目,,"3,777","1,832","1,945","3,724","1,807","1,917",53,"1,683","1,638"
2026,7,安佐南区,川内二丁目,,"2,649","1,256","1,393","2,616","1,237","1,379",33,"1,123","1,097"
2026,7,安佐南区,川内三丁目,,"1,860",922,938,"1,846",918,928,14,754,744
2026,7,安佐南区,川内四丁目,,"1,640",792,848,"1,628",786,842,12,716,707
2026,7,安佐南区,川内五丁目,,"2,518","1,280","1,238","2,493","1,267","1,226",25,"1,083","1,064"
2026,7,安佐南区,川内六丁目,,"2,542","1,247","1,295","2,507","1,226","1,281",35,"1,128","1,102"
2026,7,安佐南区,八木一丁目,,514,245,269,513,245,268,1,248,247
2026,7,安佐南区,八木二丁目,,443,219,224,439,217,222,4,205,201
2026,7,安佐南区,八木三丁目,,"1,939",913,"1,026","1,904",892,"1,012",35,903,878
2026,7,安佐南区,八木四丁目,,"1,963","1,019",944,"1,940","1,001",939,23,"1,005",983
2026,7,安佐南区,八木五丁目,,"1,100",502,598,"1,088",498,590,12,545,535
2026,7,安佐南区,八木六丁目,,"1,040",513,527,"1,030",509,521,10,569,559
2026,7,安佐南区,八木七丁目,,570,277,293,563,271,292,7,301,294
2026,7,安佐南区,八木八丁目,,768,389,379,749,374,375,19,404,385
2026,7,安佐南区,八木九丁目,,"2,697","1,306","1,391","2,661","1,284","1,377",36,"1,293","1,262"
2026,7,安佐南区,緑井一丁目,,"1,927",891,"1,036","1,897",881,"1,016",30,964,941
2026,7,安佐南区,緑井二丁目,,"1,754",864,890,"1,727",858,869,27,921,895
2026,7,安佐南区,緑井三丁目,,"2,234","1,105","1,129","2,206","1,097","1,109",28,"1,060","1,032"
2026,7,安佐南区,緑井四丁目,,"2,531","1,180","1,351","2,495","1,164","1,331",36,"1,153","1,126"
2026,7,安佐南区,緑井五丁目,,"1,417",663,754,"1,387",657,730,30,612,587
2026,7,安佐南区,緑井六丁目,,"2,071",975,"1,096","2,042",966,"1,076",29,970,948
2026,7,安佐南区,緑井七丁目,,"2,658","1,294","1,364","2,638","1,286","1,352",20,"1,134","1,120"
2026,7,安佐南区,緑井八丁目,,"1,412",664,748,"1,402",661,741,10,660,650
2026,7,安佐南区,八木町,,80,47,33,68,35,33,12,55,43
2026,7,安佐南区,東野一丁目,,"1,819",931,888,"1,793",914,879,26,776,754
2026,7,安佐南区,東野二丁目,,"3,178","1,596","1,582","3,161","1,589","1,572",17,"1,341","1,325"
2026,7,安佐南区,東野三丁目,,"2,431","1,191","1,240","2,394","1,172","1,222",37,"1,110","1,083"
2026,7,安佐南区,大町東一丁目,,"2,759","1,333","1,426","2,728","1,314","1,414",31,"1,388","1,362"
2026,7,安佐南区,大町東二丁目,,"1,316",609,707,"1,304",607,697,12,637,625
2026,7,安佐南区,大町東三丁目,,"2,937","1,416","1,521","2,922","1,410","1,512",15,"1,417","1,402"
2026,7,安佐南区,大町東四丁目,,606,276,330,603,275,328,3,297,295
2026,7,安佐南区,大町西一丁目,,"2,617","1,243","1,374","2,600","1,233","1,367",17,"1,119","1,106"
2026,7,安佐南区,大町西二丁目,,"1,193",566,627,"1,190",564,626,3,549,546
2026,7,安佐南区,大町西三丁目,,"1,104",533,571,"1,095",528,567,9,554,546
2026,7,安佐南区,毘沙門台一丁目,,"1,133",550,583,"1,126",547,579,7,471,464
2026,7,安佐南区,毘沙門台二丁目,,"1,821",832,989,"1,810",827,983,11,836,831
2026,7,安佐南区,毘沙門台三丁目,,"1,411",667,744,"1,405",664,741,6,627,623
2026,7,安佐南区,毘沙門台四丁目,,903,410,493,901,410,491,2,426,424
2026,7,安佐南区,安東一丁目,,"1,133",513,620,"1,101",507,594,32,532,504
2026,7,安佐南区,安東二丁目,,987,481,506,975,475,500,12,487,479
2026,7,安佐南区,安東三丁目,,567,279,288,562,276,286,5,264,260
2026,7,安佐南区,安東四丁目,,"1,899",888,"1,011","1,882",879,"1,003",17,847,835
2026,7,安佐南区,安東五丁目,,"1,527",729,798,"1,523",727,796,4,693,689
2026,7,安佐南区,安東六丁目,,612,294,318,610,292,318,2,302,300
2026,7,安佐南区,安東七丁目,,635,307,328,629,306,323,6,319,315
2026,7,安佐南区,上安一丁目,,"1,381",610,771,"1,360",608,752,21,710,692
2026,7,安佐南区,上安二丁目,,"3,492","1,597","1,895","3,416","1,581","1,835",76,"1,816","1,743"
2026,7,安佐南区,上安三丁目,,586,287,299,579,282,297,7,328,321
2026,7,安佐南区,上安四丁目,,"1,069",519,550,"1,064",515,549,5,481,476
2026,7,安佐南区,上安五丁目,,"1,794",799,995,"1,772",789,983,22,948,935
2026,7,安佐南区,上安六丁目,,840,396,444,840,396,444,0,407,407
2026,7,安佐南区,上安七丁目,@5-3,569,279,290,567,277,290,2,268,266
2026,7,安佐南区,上安町,*5-3,x,x,x,x,x,x,x,x,x
2026,7,安佐南区,相田一丁目,,"1,636",828,808,"1,601",805,796,35,849,824
2026,7,安佐南区,相田二丁目,,795,374,421,785,367,418,10,372,362
2026,7,安佐南区,相田三丁目,,"2,374","1,178","1,196","2,361","1,167","1,194",13,"1,139","1,126"
2026,7,安佐南区,相田四丁目,,732,343,389,673,321,352,59,374,316
2026,7,安佐南区,相田五丁目,,"1,082",530,552,"1,079",530,549,3,514,512
2026,7,安佐南区,相田六丁目,,865,424,441,846,415,431,19,420,401
2026,7,安佐南区,相田七丁目,,"1,907",890,"1,017","1,887",881,"1,006",20,907,890
2026,7,安佐南区,高取南一丁目,,"1,319",616,703,"1,308",610,698,11,614,607
2026,7,安佐南区,高取南二丁目,,"1,611",768,843,"1,594",755,839,17,768,754
2026,7,安佐南区,高取南三丁目,,894,429,465,890,426,464,4,384,380
2026,7,安佐南区,高取北一丁目,,"2,198","1,041","1,157","2,175","1,030","1,145",23,"1,080","1,059"
2026,7,安佐南区,高取北二丁目,,"1,086",513,573,"1,078",508,570,8,481,473
2026,7,安佐南区,高取北三丁目,,783,384,399,768,376,392,15,385,370
2026,7,安佐南区,高取北四丁目,,"1,645",778,867,"1,638",775,863,7,746,740
2026,7,安佐南区,高取南町,,13,7,6,13,7,6,0,5,5
2026,7,安佐南区,長楽寺一丁目,,"2,774","1,345","1,429","2,740","1,327","1,413",34,"1,248","1,217"
2026,7,安佐南区,長楽寺二丁目,,567,298,269,543,295,248,24,331,307
2026,7,安佐南区,長楽寺三丁目,,"1,394",642,752,"1,388",638,750,6,626,620
2026,7,安佐南区,長束一丁目,,"1,770",885,885,"1,754",872,882,16,890,877
2026,7,安佐南区,長束二丁目,,"1,167",544,623,"1,157",540,617,10,559,552
2026,7,安佐南区,長束三丁目,,"2,534","1,265","1,269","2,465","1,234","1,231",69,"1,369","1,316"
2026,7,安佐南区,長束四丁目,,"1,005",511,494,976,493,483,29,535,509
2026,7,安佐南区,長束五丁目,,"2,335","1,166","1,169","2,309","1,149","1,160",26,"1,160","1,135"
2026,7,安佐南区,長束六丁目,,"1,287",632,655,"1,273",627,646,14,617,609
2026,7,安佐南区,長束西一丁目,,"1,378",684,694,"1,374",682,692,4,671,667
2026,7,安佐南区,長束西二丁目,,"2,262","1,129","1,133","2,243","1,120","1,123",19,"1,065","1,049"
2026,7,安佐南区,長束西三丁目,,640,317,323,632,314,318,8,307,299
2026,7,安佐南区,長束西四丁目,,"1,106",550,556,"1,080",532,548,26,592,570
2026,7,安佐南区,長束西五丁目,,453,213,240,452,212,240,1,201,200
2026,7,安佐南区,東原一丁目,,"1,934",959,975,"1,923",954,969,11,"1,043","1,033"
2026,7,安佐南区,東原二丁目,,"1,207",622,585,"1,199",617,582,8,525,517
2026,7,安佐南区,東原三丁目,,"4,088","1,981","2,107","4,062","1,970","2,092",26,"1,659","1,642"
2026,7,安佐南区,西原一丁目,,"1,918",942,976,"1,880",930,950,38,"1,007",978
2026,7,安佐南区,西原二丁目,,"3,584","1,777","1,807","3,533","1,759","1,774",51,"1,863","1,820"
2026,7,安佐南区,西原三丁目,,"1,461",718,743,"1,447",712,735,14,758,746
2026,7,安佐南区,西原四丁目,,"3,284","1,606","1,678","3,204","1,573","1,631",80,"1,738","1,659"
2026,7,安佐南区,西原五丁目,,"1,199",558,641,"1,182",551,631,17,601,586
2026,7,安佐南区,西原六丁目,,"1,782",874,908,"1,766",868,898,16,818,805
2026,7,安佐南区,西原七丁目,,"1,801",858,943,"1,798",857,941,3,790,787
2026,7,安佐南区,西原八丁目,,"2,504","1,201","1,303","2,471","1,185","1,286",33,"1,255","1,229"
2026,7,安佐南区,西原九丁目,,"1,104",550,554,"1,097",545,552,7,501,494
2026,7,安佐南区,山本一丁目,,"1,631",819,812,"1,604",803,801,27,814,793
2026,7,安佐南区,山本二丁目,,"1,051",528,523,"1,042",524,518,9,462,453
2026,7,安佐南区,山本三丁目,,"1,181",581,600,"1,161",571,590,20,526,517
2026,7,安佐南区,山本四丁目,,"1,423",723,700,"1,411",717,694,12,617,607
2026,7,安佐南区,山本五丁目,,"2,095","1,019","1,076","2,075","1,013","1,062",20,903,890
2026,7,安佐南区,山本六丁目,,"1,176",588,588,"1,172",586,586,4,523,519
2026,7,安佐南区,山本七丁目,,"1,395",649,746,"1,390",647,743,5,592,587
2026,7,安佐南区,山本八丁目,,"1,030",517,513,"1,028",517,511,2,461,460
2026,7,安佐南区,山本九丁目,,"1,624",787,837,"1,610",782,828,14,689,677
2026,7,安佐南区,山本町,@5-4,26,14,12,26,14,12,0,10,10
2026,7,安佐南区,祇園一丁目,,"2,171","1,030","1,141","2,152","1,021","1,131",19,"1,093","1,079"
2026,7,安佐南区,祇園二丁目,,"2,641","1,289","1,352","2,626","1,278","1,348",15,"1,385","1,374"
2026,7,安佐南区,祇園三丁目,,"3,594","1,744","1,850","3,540","1,715","1,825",54,"1,561","1,512"
2026,7,安佐南区,祇園四丁目,,"1,133",559,574,"1,126",556,570,7,526,521
2026,7,安佐南区,祇園五丁目,,"1,659",844,815,"1,623",819,804,36,845,816
2026,7,安佐南区,祇園六丁目,,"2,053","1,021","1,032","2,037","1,014","1,023",16,978,964
2026,7,安佐南区,祇園七丁目,,"1,849",908,941,"1,817",894,923,32,918,890
2026,7,安佐南区,祇園八丁目,,801,423,378,792,418,374,9,384,380
2026,7,安佐南区,古市一丁目,,"1,639",774,865,"1,613",765,848,26,883,868
2026,7,安佐南区,古市二丁目,,"1,655",802,853,"1,635",787,848,20,863,846
2026,7,安佐南区,古市三丁目,,"1,624",784,840,"1,572",758,814,52,870,835
2026,7,安佐南区,古市四丁目,,509,254,255,503,252,251,6,310,305
2026,7,安佐南区,中須一丁目,,"2,490","1,172","1,318","2,459","1,159","1,300",31,"1,316","1,291"
2026,7,安佐南区,中須二丁目,,"1,330",634,696,"1,313",629,684,17,642,632
2026,7,安佐南区,中筋一丁目,,"1,820",919,901,"1,788",905,883,32,985,965
2026,7,安佐南区,中筋二丁目,,881,431,450,855,422,433,26,425,408
2026,7,安佐南区,中筋三丁目,,"2,132",996,"1,136","2,118",992,"1,126",14,"1,008","1,000"
2026,7,安佐南区,中筋四丁目,,824,397,427,818,396,422,6,363,357
2026,7,安佐南区,毘沙門台東一丁目,,987,481,506,983,479,504,4,347,344
2026,7,安佐南区,毘沙門台東二丁目,,361,175,186,356,172,184,5,145,142
2026,7,安佐北区,口田一丁目,,"1,813",845,968,"1,803",840,963,10,850,841
2026,7,安佐北区,口田二丁目,,"1,343",645,698,"1,334",643,691,9,613,606
2026,7,安佐北区,口田三丁目,,"1,578",757,821,"1,576",756,820,2,702,701
2026,7,安佐北区,口田四丁目,,"1,047",496,551,"1,026",482,544,21,516,501
2026,7,安佐北区,口田五丁目,,"1,881",902,979,"1,867",891,976,14,821,807
2026,7,安佐北区,口田南一丁目,,"1,306",624,682,"1,268",612,656,38,620,593
2026,7,安佐北区,口田南二丁目,,"1,109",553,556,"1,093",544,549,16,517,506
2026,7,安佐北区,口田南三丁目,,"1,376",674,702,"1,368",672,696,8,693,685
2026,7,安佐北区,口田南四丁目,,"1,372",648,724,"1,355",637,718,17,582,570
2026,7,安佐北区,口田南五丁目,,243,110,133,241,108,133,2,101,99
2026,7,安佐北区,口田南六丁目,,650,324,326,632,311,321,18,294,279
2026,7,安佐北区,口田南七丁目,,"1,610",776,834,"1,570",748,822,40,805,768
2026,7,安佐北区,口田南八丁目,,"1,758",824,934,"1,739",812,927,19,782,769
2026,7,安佐北区,口田南九丁目,,"1,602",786,816,"1,582",773,809,20,723,704
2026,7,安佐北区,口田南町,,13,7,6,13,7,6,0,10,10
2026,7,安佐北区,落合一丁目,,"1,865",940,925,"1,837",923,914,28,"1,004",981
2026,7,安佐北区,落合二丁目,,"1,526",755,771,"1,490",733,757,36,730,701
2026,7,安佐北区,落合三丁目,,"1,087",484,603,"1,064",471,593,23,564,546
2026,7,安佐北区,落合四丁目,,941,391,550,920,384,536,21,573,560
2026,7,安佐北区,落合五丁目,,712,337,375,692,326,366,20,372,355
2026,7,安佐北区,落合南一丁目,,"2,373","1,151","1,222","2,358","1,141","1,217",15,"1,097","1,083"
2026,7,安佐北区,落合南二丁目,,"1,710",844,866,"1,686",833,853,24,726,708
2026,7,安佐北区,落合南三丁目,,"1,476",725,751,"1,465",717,748,11,734,724
2026,7,安佐北区,落合南四丁目,,"2,336","1,159","1,177","2,307","1,142","1,165",29,992,975
2026,7,安佐北区,落合南五丁目,,180,87,93,180,87,93,0,81,81
2026,7,安佐北区,落合南七丁目,,591,290,301,584,286,298,7,288,283
2026,7,安佐北区,落合南八丁目,,456,212,244,452,209,243,4,209,206
2026,7,安佐北区,落合南九丁目,,686,327,359,674,319,355,12,308,297
2026,7,安佐北区,落合南町,,62,27,35,62,27,35,0,60,60
2026,7,安佐北区,真亀一丁目,,405,177,228,398,173,225,7,200,198
2026,7,安佐北区,真亀二丁目,,912,423,489,905,420,485,7,414,408
2026,7,安佐北区,真亀三丁目,,561,262,299,551,258,293,10,284,278
2026,7,安佐北区,真亀四丁目,,813,352,461,766,327,439,47,465,435
2026,7,安佐北区,真亀五丁目,,"1,169",540,629,"1,148",526,622,21,594,580
2026,7,安佐北区,亀崎一丁目,,742,346,396,730,342,388,12,373,366
2026,7,安佐北区,亀崎二丁目,,881,352,529,857,342,515,24,492,478
2026,7,安佐北区,亀崎三丁目,,"1,126",476,650,"1,059",453,606,67,585,553
2026,7,安佐北区,亀崎四丁目,,434,177,257,434,177,257,0,271,271
2026,7,安佐北区,倉掛一丁目,,851,403,448,840,398,442,11,402,397
2026,7,安佐北区,倉掛二丁目,,"1,150",529,621,"1,137",524,613,13,547,540
2026,7,安佐北区,倉掛三丁目,,984,423,561,976,421,555,8,537,530
2026,7,安佐北区,深川一丁目,,"1,620",796,824,"1,598",786,812,22,663,647
2026,7,安佐北区,深川二丁目,@6-1,"1,062",529,533,"1,028",517,511,34,533,507
2026,7,安佐北区,深川三丁目,,"1,073",522,551,"1,058",513,545,15,448,441
2026,7,安佐北区,深川四丁目,,585,284,301,575,279,296,10,288,280
2026,7,安佐北区,深川五丁目,,692,327,365,667,315,352,25,336,318
2026,7,安佐北区,深川六丁目,,"1,494",701,793,"1,479",692,787,15,635,623
2026,7,安佐北区,深川七丁目,,"1,033",538,495,"1,002",520,482,31,419,390
2026,7,安佐北区,深川八丁目,,197,83,114,195,81,114,2,115,113
2026,7,安佐北区,深川町,*6-1,x,x,x,x,x,x,x,x,x
2026,7,安佐北区,上深川町,,"1,643",775,868,"1,478",729,749,165,903,744
2026,7,安佐北区,小河原町,,"1,673",789,884,"1,589",753,836,84,873,791
2026,7,安佐北区,狩留家町,,"1,033",489,544,"1,011",476,535,22,529,509
2026,7,安佐北区,可部一丁目,,"1,301",630,671,"1,262",607,655,39,647,617
2026,7,安佐北区,可部二丁目,,"1,049",502,547,"1,024",486,538,25,566,543
2026,7,安佐北区,可部三丁目,,"2,002",965,"1,037","1,959",945,"1,014",43,988,947
2026,7,安佐北区,可部四丁目,,690,328,362,685,325,360,5,351,349
2026,7,安佐北区,可部五丁目,,676,325,351,670,324,346,6,363,357
2026,7,安佐北区,可部六丁目,,"1,960",913,"1,047","1,919",895,"1,024",41,967,939
2026,7,安佐北区,可部七丁目,,"1,526",710,816,"1,514",708,806,12,754,744
2026,7,安佐北区,可部八丁目,,"1,018",499,519,987,477,510,31,504,473
2026,7,安佐北区,可部九丁目,,996,468,528,984,463,521,12,480,470
2026,7,安佐北区,可部東一丁目,,329,147,182,323,142,181,6,202,196
2026,7,安佐北区,可部東二丁目,,"1,020",489,531,"1,004",482,522,16,494,479
2026,7,安佐北区,可部東三丁目,,"1,124",523,601,"1,111",518,593,13,566,560
2026,7,安佐北区,可部東四丁目,,581,274,307,578,273,305,3,282,279
2026,7,安佐北区,可部東五丁目,,389,181,208,389,181,208,0,182,182
2026,7,安佐北区,可部東六丁目,,686,315,371,686,315,371,0,338,338
2026,7,安佐北区,可部南一丁目,,"1,667",836,831,"1,623",812,811,44,799,763
2026,7,安佐北区,可部南二丁目,,"1,058",487,571,"1,033",474,559,25,569,552
2026,7,安佐北区,可部南三丁目,,987,465,522,975,460,515,12,466,455
2026,7,安佐北区,可部南四丁目,,"1,028",494,534,991,488,503,37,567,530
2026,7,安佐北区,可部南五丁目,,767,376,391,741,366,375,26,370,349
2026,7,安佐北区,亀山一丁目,,862,404,458,841,396,445,21,406,390
2026,7,安佐北区,亀山二丁目,,"1,581",767,814,"1,555",749,806,26,795,770
2026,7,安佐北区,亀山三丁目,,"1,485",715,770,"1,468",712,756,17,693,678
2026,7,安佐北区,亀山四丁目,,931,429,502,903,420,483,28,455,433
2026,7,安佐北区,亀山五丁目,,"1,699",824,875,"1,682",816,866,17,806,792
2026,7,安佐北区,亀山六丁目,,"1,205",582,623,"1,194",579,615,11,597,588
2026,7,安佐北区,亀山七丁目,,809,399,410,798,395,403,11,368,360
2026,7,安佐北区,亀山八丁目,,625,316,309,605,309,296,20,314,301
2026,7,安佐北区,亀山九丁目,,441,207,234,423,197,226,18,253,238
2026,7,安佐北区,亀山南一丁目,,79,36,43,79,36,43,0,47,47
2026,7,安佐北区,亀山南二丁目,,"1,701",810,891,"1,694",807,887,7,805,799
2026,7,安佐北区,亀山南三丁目,,885,439,446,873,435,438,12,399,387
2026,7,安佐北区,亀山南四丁目,,805,395,410,803,394,409,2,386,385
2026,7,安佐北区,亀山南五丁目,,"1,675",780,895,"1,658",770,888,17,810,798
2026,7,安佐北区,三入一丁目,,595,310,285,579,304,275,16,313,304
2026,7,安佐北区,三入二丁目,,"1,465",696,769,"1,403",672,731,62,625,590
2026,7,安佐北区,三入三丁目,,295,140,155,274,129,145,21,137,122
2026,7,安佐北区,三入四丁目,,170,87,83,169,86,83,1,79,78
2026,7,安佐北区,三入五丁目,,360,189,171,356,186,170,4,193,189
2026,7,安佐北区,三入六丁目,,772,354,418,748,350,398,24,377,355
2026,7,安佐北区,三入七丁目,,710,360,350,697,354,343,13,341,331
2026,7,安佐北区,三入東一丁目,,"1,399",681,718,"1,375",671,704,24,673,660
2026,7,安佐北区,三入東二丁目,,"2,422","1,174","1,248","2,400","1,161","1,239",22,"1,051","1,041"
2026,7,安佐北区,三入南一丁目,,274,125,149,252,125,127,22,159,137
2026,7,安佐北区,三入南二丁目,,"1,431",680,751,"1,362",646,716,69,663,618
2026,7,安佐北区,大林一丁目,,571,281,290,506,262,244,65,326,273
2026,7,安佐北区,大林二丁目,,407,204,203,374,193,181,33,253,224
2026,7,安佐北区,大林三丁目,,233,115,118,227,109,118,6,112,106
2026,7,安佐北区,大林四丁目,,255,127,128,236,119,117,19,121,116
2026,7,安佐北区,大林町,,510,225,285,487,221,266,23,278,256
2026,7,安佐北区,亀山西一丁目,,"1,145",554,591,"1,134",552,582,11,425,419
2026,7,安佐北区,亀山西二丁目,,"1,334",652,682,"1,321",648,673,13,527,519
2026,7,安佐北区,可部町大字上町屋,,373,198,175,372,198,174,1,241,240
2026,7,安佐北区,可部町大字下町屋,,15,9,6,15,9,6,0,8,8
2026,7,安佐北区,可部町大字桐原,,955,446,509,938,438,500,17,508,498
2026,7,安佐北区,可部町大字南原,,716,345,371,705,336,369,11,378,367
2026,7,安佐北区,可部町大字綾ケ谷,,745,333,412,735,332,403,10,463,453
2026,7,安佐北区,可部町大字勝木,,"1,219",599,620,"1,193",578,615,26,690,669
2026,7,安佐北区,可部町大字今井田,,97,51,46,97,51,46,0,56,56
2026,7,安佐北区,安佐町大字久地,,"2,470","1,212","1,258","2,325","1,119","1,206",145,"1,345","1,204"
2026,7,安佐北区,安佐町大字毛木,,198,98,100,191,91,100,7,120,113
2026,7,安佐北区,安佐町大字後山,,343,153,190,325,153,172,18,207,189
2026,7,安佐北区,安佐町大字宮野,,39,17,22,39,17,22,0,22,22
2026,7,安佐北区,安佐町大字筒瀬,,178,87,91,178,87,91,0,93,93
2026,7,安佐北区,安佐町大字小河内,,317,147,170,317,147,170,0,196,196
2026,7,安佐北区,安佐町大字鈴張,,"2,567","1,259","1,308","2,541","1,243","1,298",26,"1,281","1,257"
2026,7,安佐北区,安佐町大字飯室,,"2,507","1,231","1,276","2,440","1,186","1,254",67,"1,333","1,267"
2026,7,安佐北区,白木町大字井原,,927,436,491,895,418,477,32,573,541
2026,7,安佐北区,白木町大字古屋,,68,35,33,68,35,33,0,38,38
2026,7,安佐北区,白木町大字志路,,349,168,181,348,168,180,1,208,207
2026,7,安佐北区,白木町大字秋山,,"1,242",589,653,"1,187",570,617,55,669,614
2026,7,安佐北区,白木町大字小越,,798,374,424,759,361,398,39,436,401
2026,7,安佐北区,白木町大字市川,,682,322,360,674,321,353,8,374,370
2026,7,安佐北区,白木町大字有留,,119,64,55,119,64,55,0,62,62
2026,7,安佐北区,白木町大字三田,,"2,479","1,182","1,297","2,390","1,159","1,231",89,"1,297","1,216"
2026,7,安佐北区,安佐町大字くすの木台,,"2,018","1,000","1,018","1,911",948,963,107,"1,039",935
2026,7,安佐北区,あさひが丘一丁目,,523,235,288,508,221,287,15,308,293
2026,7,安佐北区,あさひが丘二丁目,,562,257,305,558,255,303,4,285,281
2026,7,安佐北区,あさひが丘三丁目,,736,344,392,724,340,384,12,357,345
2026,7,安佐北区,あさひが丘四丁目,,426,214,212,422,213,209,4,196,194
2026,7,安佐北区,あさひが丘五丁目,,693,311,382,681,305,376,12,394,387
2026,7,安佐北区,あさひが丘六丁目,,"1,322",651,671,"1,312",648,664,10,650,641
2026,7,安佐北区,あさひが丘七丁目,,451,202,249,447,200,247,4,216,213
2026,7,安佐北区,あさひが丘八丁目,,480,237,243,477,234,243,3,222,219
2026,7,安佐北区,あさひが丘九丁目,,781,370,411,778,367,411,3,365,362
2026,7,安芸区,阿戸町,,"1,803",870,933,"1,743",847,896,60,923,890
2026,7,安芸区,矢野町,,"1,339",856,483,"1,334",856,478,5,896,891
2026,7,安芸区,船越一丁目,,"1,330",635,695,"1,307",621,686,23,679,660
2026,7,安芸区,船越二丁目,,"1,226",591,635,"1,208",583,625,18,587,571
2026,7,安芸区,船越三丁目,,685,352,333,670,345,325,15,392,381
2026,7,安芸区,船越四丁目,,989,474,515,981,472,509,8,512,504
2026,7,安芸区,船越五丁目,,"1,144",556,588,"1,126",550,576,18,621,607
2026,7,安芸区,船越六丁目,,967,463,504,923,447,476,44,466,428
2026,7,安芸区,船越南一丁目,,306,164,142,298,158,140,8,176,169
2026,7,安芸区,船越南二丁目,,"1,666",880,786,"1,636",864,772,30,905,884
2026,7,安芸区,船越南三丁目,,"1,576",787,789,"1,444",719,725,132,905,812
2026,7,安芸区,船越南四丁目,,154,77,77,135,67,68,19,100,84
2026,7,安芸区,船越南五丁目,,9,5,4,6,5,1,3,8,5
2026,7,安芸区,矢野東一丁目,,574,290,284,563,282,281,11,251,240
2026,7,安芸区,矢野東二丁目,,"2,157","1,100","1,057","2,083","1,043","1,040",74,"1,087","1,022"
2026,7,安芸区,矢野東三丁目,,567,270,297,563,267,296,4,254,251
2026,7,安芸区,矢野東四丁目,,"1,321",664,657,"1,299",651,648,22,625,603
2026,7,安芸区,矢野東五丁目,,"1,330",643,687,"1,254",623,631,76,705,630
2026,7,安芸区,矢野東六丁目,,"1,567",759,808,"1,531",740,791,36,757,723
2026,7,安芸区,矢野東七丁目,,"1,104",543,561,"1,097",540,557,7,579,573
2026,7,安芸区,矢野西一丁目,,"2,266","1,154","1,112","2,217","1,130","1,087",49,"1,166","1,118"
2026,7,安芸区,矢野西二丁目,,"1,008",540,468,"1,007",539,468,1,443,442
2026,7,安芸区,矢野西三丁目,,"2,469","1,231","1,238","2,414","1,196","1,218",55,"1,227","1,176"
2026,7,安芸区,矢野西四丁目,,"2,214","1,096","1,118","2,157","1,060","1,097",57,"1,120","1,069"
2026,7,安芸区,矢野西五丁目,,"1,271",630,641,"1,224",593,631,47,664,622
2026,7,安芸区,矢野西六丁目,,951,458,493,915,440,475,36,449,417
2026,7,安芸区,矢野西七丁目,,851,428,423,846,425,421,5,417,412
2026,7,安芸区,畑賀一丁目,,648,321,327,639,320,319,9,296,289
2026,7,安芸区,畑賀二丁目,,"1,326",659,667,"1,246",612,634,80,641,575
2026,7,安芸区,畑賀三丁目,,"1,032",526,506,"1,010",518,492,22,497,477
2026,7,安芸区,畑賀町,,764,373,391,745,365,380,19,373,361
2026,7,安芸区,中野一丁目,,369,186,183,345,174,171,24,231,208
2026,7,安芸区,中野二丁目,,"2,894","1,424","1,470","2,822","1,380","1,442",72,"1,386","1,328"
2026,7,安芸区,中野三丁目,,"2,053",997,"1,056","1,974",970,"1,004",79,"1,079","1,011"
2026,7,安芸区,中野四丁目,,"1,545",749,796,"1,514",729,785,31,769,740
2026,7,安芸区,中野五丁目,,"1,651",789,862,"1,607",764,843,44,807,776
2026,7,安芸区,中野六丁目,,"1,283",652,631,"1,223",596,627,60,704,644
2026,7,安芸区,中野七丁目,,948,438,510,930,430,500,18,474,463
2026,7,安芸区,中野東一丁目,,"1,070",545,525,"1,023",515,508,47,552,507
2026,7,安芸区,中野東二丁目,,"1,170",568,602,"1,141",557,584,29,649,620
2026,7,安芸区,中野東三丁目,,890,471,419,806,429,377,84,518,444
2026,7,安芸区,中野東四丁目,,432,251,181,421,245,176,11,284,275
2026,7,安芸区,中野東五丁目,,"1,024",501,523,997,487,510,27,534,512
2026,7,安芸区,中野東六丁目,,"1,774",903,871,"1,710",884,826,64,888,832
2026,7,安芸区,中野東七丁目,@7-1,531,272,259,520,266,254,11,263,254
2026,7,安芸区,中野東町,*7-1,x,x,x,x,x,x,x,x,x
2026,7,安芸区,瀬野一丁目,,859,414,445,844,406,438,15,394,384
2026,7,安芸区,瀬野二丁目,,314,151,163,309,148,161,5,155,153
2026,7,安芸区,瀬野三丁目,,585,274,311,577,270,307,8,237,231
2026,7,安芸区,瀬野四丁目,,168,86,82,166,84,82,2,87,85
2026,7,安芸区,瀬野五丁目,,609,301,308,608,301,307,1,274,273
2026,7,安芸区,瀬野町,,"1,335",636,699,"1,264",613,651,71,650,609
2026,7,安芸区,瀬野南一丁目,,379,188,191,374,188,186,5,198,194
2026,7,安芸区,瀬野南町,,149,73,76,148,73,75,1,83,82
2026,7,安芸区,上瀬野一丁目,,434,208,226,415,206,209,19,211,194
2026,7,安芸区,上瀬野二丁目,,267,124,143,246,115,131,21,128,112
2026,7,安芸区,上瀬野町,,751,366,385,722,350,372,29,426,402
2026,7,安芸区,上瀬野南一丁目,,455,233,222,448,230,218,7,270,265
2026,7,安芸区,上瀬野南二丁目,,246,116,130,244,116,128,2,130,129
2026,7,安芸区,矢野新町二丁目,,29,16,13,19,16,3,10,26,16
2026,7,安芸区,矢野南一丁目,,"1,129",547,582,"1,116",545,571,13,483,470
2026,7,安芸区,矢野南二丁目,,905,458,447,905,458,447,0,315,315
2026,7,安芸区,矢野南三丁目,,"1,876",923,953,"1,870",922,948,6,783,777
2026,7,安芸区,矢野南四丁目,,"1,217",585,632,"1,209",583,626,8,509,503
2026,7,安芸区,矢野南五丁目,,"1,105",549,556,"1,095",539,556,10,508,498
2026,7,安芸区,瀬野西一丁目,,"1,223",604,619,"1,218",602,616,5,445,442
2026,7,安芸区,瀬野西二丁目,,"1,143",580,563,"1,108",563,545,35,409,395
2026,7,安芸区,瀬野西三丁目,,"1,266",643,623,"1,232",629,603,34,403,388
2026,7,安芸区,瀬野西四丁目,,463,229,234,457,226,231,6,151,147
2026,7,安芸区,瀬野西五丁目,,"1,912",970,942,"1,864",946,918,48,599,579
2026,7,安芸区,瀬野西六丁目,,941,479,462,917,469,448,24,262,251
2026,7,佐伯区,杉並台,,"1,858",905,953,"1,800",881,919,58,990,937
2026,7,佐伯区,湯来町大字下,,373,174,199,371,174,197,2,220,218
2026,7,佐伯区,湯来町大字白砂,,590,286,304,582,279,303,8,339,331
2026,7,佐伯区,湯来町大字菅沢,,107,52,55,107,52,55,0,61,61
2026,7,佐伯区,湯来町大字多田,,257,118,139,256,118,138,1,165,164
2026,7,佐伯区,湯来町大字葛原,,179,85,94,179,85,94,0,109,109
2026,7,佐伯区,湯来町大字伏谷,,979,488,491,967,482,485,12,532,521
2026,7,佐伯区,湯来町大字麦谷,,294,153,141,293,152,141,1,156,155
2026,7,佐伯区,湯来町大字和田,,321,154,167,319,153,166,2,202,200
2026,7,佐伯区,五日市町大字石内,,"1,832",938,894,"1,793",910,883,39,954,917
2026,7,佐伯区,五月が丘一丁目,,"1,424",677,747,"1,399",666,733,25,682,659
2026,7,佐伯区,五月が丘二丁目,,"1,128",521,607,"1,116",509,607,12,525,513
2026,7,佐伯区,五月が丘三丁目,,"1,547",740,807,"1,520",721,799,27,749,724
2026,7,佐伯区,五月が丘四丁目,,"1,738",832,906,"1,724",820,904,14,814,800
2026,7,佐伯区,五月が丘五丁目,,784,395,389,763,386,377,21,367,349
2026,7,佐伯区,五日市町大字上河内,,"1,838",874,964,"1,789",848,941,49,906,861
2026,7,佐伯区,五日市町大字下河内,,"1,305",644,661,"1,268",624,644,37,674,643
2026,7,佐伯区,五日市町大字上小深川,,227,112,115,222,111,111,5,127,122
2026,7,佐伯区,五日市町大字下小深川,,341,171,170,329,163,166,12,166,159
2026,7,佐伯区,美鈴が丘東一丁目,,356,160,196,356,160,196,0,162,162
2026,7,佐伯区,美鈴が丘東二丁目,,790,382,408,790,382,408,0,339,339
2026,7,佐伯区,美鈴が丘東三丁目,,725,320,405,720,317,403,5,330,327
2026,7,佐伯区,美鈴が丘東四丁目,,840,379,461,836,377,459,4,373,370
2026,7,佐伯区,美鈴が丘東五丁目,,377,178,199,377,178,199,0,167,167
2026,7,佐伯区,美鈴が丘西一丁目,,362,161,201,360,159,201,2,187,185
2026,7,佐伯区,美鈴が丘西二丁目,,591,280,311,590,279,311,1,253,252
2026,7,佐伯区,美鈴が丘西三丁目,,256,119,137,256,119,137,0,118,118
2026,7,佐伯区,美鈴が丘西四丁目,,713,332,381,705,326,379,8,324,316
2026,7,佐伯区,美鈴が丘西五丁目,,684,320,364,683,319,364,1,311,310
2026,7,佐伯区,美鈴が丘南一丁目,,309,143,166,308,142,166,1,145,144
2026,7,佐伯区,美鈴が丘南二丁目,,571,261,310,567,260,307,4,255,251
2026,7,佐伯区,美鈴が丘南三丁目,,316,143,173,312,141,171,4,144,143
2026,7,佐伯区,美鈴が丘南四丁目,,545,255,290,536,252,284,9,242,237
2026,7,佐伯区,美鈴が丘緑一丁目,,636,293,343,636,293,343,0,282,282
2026,7,佐伯区,美鈴が丘緑二丁目,,569,271,298,564,269,295,5,246,244
2026,7,佐伯区,美鈴が丘緑三丁目,,543,273,270,540,271,269,3,237,234
2026,7,佐伯区,屋代一丁目,,742,355,387,740,354,386,2,355,353
2026,7,佐伯区,屋代二丁目,,716,336,380,716,336,380,0,315,315
2026,7,佐伯区,屋代三丁目,,984,504,480,970,497,473,14,505,495
2026,7,佐伯区,三筋一丁目,,900,453,447,872,440,432,28,486,465
2026,7,佐伯区,三筋二丁目,,999,461,538,973,451,522,26,543,518
2026,7,佐伯区,三筋三丁目,,247,135,112,244,132,112,3,145,142
2026,7,佐伯区,五日市中央一丁目,,"1,940",935,"1,005","1,924",927,997,16,"1,051","1,038"
2026,7,佐伯区,五日市中央二丁目,,830,429,401,795,411,384,35,450,420
2026,7,佐伯区,五日市中央三丁目,,"1,651",844,807,"1,623",836,787,28,862,837
2026,7,佐伯区,五日市中央四丁目,,"1,758",853,905,"1,728",835,893,30,934,916
2026,7,佐伯区,五日市中央五丁目,,"2,161","1,016","1,145","2,130",997,"1,133",31,"1,067","1,043"
2026,7,佐伯区,五日市中央六丁目,,"1,053",508,545,"1,041",507,534,12,454,442
2026,7,佐伯区,五日市中央七丁目,,"1,093",541,552,"1,054",510,544,39,593,558
2026,7,佐伯区,五日市一丁目,,"1,761",925,836,"1,725",908,817,36,"1,133","1,103"
2026,7,佐伯区,五日市二丁目,,"1,115",556,559,"1,111",554,557,4,465,461
2026,7,佐伯区,五日市三丁目,,390,196,194,388,196,192,2,183,181
2026,7,佐伯区,五日市四丁目,,898,423,475,886,419,467,12,448,438
2026,7,佐伯区,五日市五丁目,,"1,449",722,727,"1,434",712,722,15,697,682
2026,7,佐伯区,五日市六丁目,,905,468,437,895,461,434,10,386,376
2026,7,佐伯区,五日市七丁目,,966,477,489,948,466,482,18,464,451
2026,7,佐伯区,新宮苑,,"1,392",625,767,"1,374",619,755,18,634,621
2026,7,佐伯区,五日市駅前一丁目,,"2,698","1,293","1,405","2,685","1,287","1,398",13,"1,290","1,278"
2026,7,佐伯区,五日市駅前二丁目,,"1,130",549,581,"1,123",545,578,7,544,538
2026,7,佐伯区,五日市駅前三丁目,,530,249,281,523,246,277,7,296,292
2026,7,佐伯区,藤垂園,,"1,387",644,743,"1,380",642,738,7,649,643
2026,7,佐伯区,吉見園,,"1,587",753,834,"1,562",741,821,25,830,807
2026,7,佐伯区,旭園,,"1,413",641,772,"1,402",635,767,11,697,686
2026,7,佐伯区,海老山町,,876,463,413,862,454,408,14,403,391
2026,7,佐伯区,海老園一丁目,,"1,612",763,849,"1,599",758,841,13,836,825
2026,7,佐伯区,海老園二丁目,,"1,038",472,566,"1,025",465,560,13,518,510
2026,7,佐伯区,海老園三丁目,,"1,309",647,662,"1,292",641,651,17,481,469
2026,7,佐伯区,海老園四丁目,,"1,233",565,668,"1,228",562,666,5,573,569
2026,7,佐伯区,楽々園一丁目,,580,264,316,574,261,313,6,338,332
2026,7,佐伯区,楽々園二丁目,,236,122,114,234,121,113,2,205,203
2026,7,佐伯区,楽々園三丁目,,"1,336",610,726,"1,320",600,720,16,671,658
2026,7,佐伯区,楽々園四丁目,,839,398,441,829,394,435,10,485,476
2026,7,佐伯区,楽々園五丁目,,"2,293","1,092","1,201","2,280","1,089","1,191",13,916,903
2026,7,佐伯区,楽々園六丁目,,"1,236",592,644,"1,233",591,642,3,501,498
2026,7,佐伯区,隅の浜一丁目,,702,348,354,690,342,348,12,405,394
2026,7,佐伯区,隅の浜二丁目,,750,363,387,746,360,386,4,384,380
2026,7,佐伯区,隅の浜三丁目,,802,406,396,786,392,394,16,374,358
2026,7,佐伯区,美の里一丁目,,"1,684",881,803,"1,632",845,787,52,896,848
2026,7,佐伯区,美の里二丁目,,797,376,421,777,361,416,20,422,405
2026,7,佐伯区,五日市町大字皆賀,,674,316,358,666,314,352,8,344,336
2026,7,佐伯区,皆賀一丁目,,"1,935",952,983,"1,929",949,980,6,855,849
2026,7,佐伯区,皆賀二丁目,,978,473,505,970,471,499,8,482,475
2026,7,佐伯区,皆賀三丁目,,"1,172",528,644,"1,164",525,639,8,495,487
2026,7,佐伯区,皆賀四丁目,,"1,063",531,532,"1,057",531,526,6,510,504
2026,7,佐伯区,五日市町大字昭和台,,857,416,441,855,416,439,2,413,411
2026,7,佐伯区,五日市町大字美鈴園,,"1,747",838,909,"1,722",826,896,25,785,761
2026,7,佐伯区,藤の木一丁目,,"1,050",513,537,"1,047",512,535,3,481,478
2026,7,佐伯区,藤の木二丁目,,"1,035",512,523,"1,023",504,519,12,501,489
2026,7,佐伯区,藤の木三丁目,,"1,065",520,545,"1,062",519,543,3,501,498
2026,7,佐伯区,藤の木四丁目,,875,431,444,866,427,439,9,410,402
2026,7,佐伯区,城山一丁目,,488,230,258,466,228,238,22,277,255
2026,7,佐伯区,城山二丁目,,"1,059",495,564,"1,054",492,562,5,483,478
2026,7,佐伯区,八幡東一丁目,,"1,178",573,605,"1,164",571,593,14,546,534
2026,7,佐伯区,八幡東二丁目,,"1,691",826,865,"1,647",800,847,44,801,759
2026,7,佐伯区,八幡東三丁目,,978,459,519,967,455,512,11,509,500
2026,7,佐伯区,八幡東四丁目,,763,367,396,759,364,395,4,312,308
2026,7,佐伯区,利松一丁目,,"2,023",987,"1,036","1,987",961,"1,026",36,"1,002",967
2026,7,佐伯区,利松二丁目,,802,409,393,780,394,386,22,381,363
2026,7,佐伯区,利松三丁目,,"1,329",668,661,"1,310",652,658,19,600,585
2026,7,佐伯区,八幡一丁目,,"1,598",815,783,"1,559",796,763,39,783,747
2026,7,佐伯区,八幡二丁目,,"1,163",561,602,"1,153",555,598,10,535,528
2026,7,佐伯区,八幡三丁目,,"1,538",785,753,"1,510",766,744,28,748,722
2026,7,佐伯区,八幡四丁目,,773,375,398,765,367,398,8,388,380
2026,7,佐伯区,八幡五丁目,,500,246,254,486,238,248,14,235,227
2026,7,佐伯区,薬師が丘一丁目,,313,146,167,312,146,166,1,141,140
2026,7,佐伯区,薬師が丘二丁目,,"1,002",480,522,996,478,518,6,465,460
2026,7,佐伯区,薬師が丘三丁目,,862,426,436,859,426,433,3,392,389
2026,7,佐伯区,薬師が丘四丁目,,717,325,392,717,325,392,0,329,329
2026,7,佐伯区,八幡が丘一丁目,,768,364,404,767,364,403,1,358,357
2026,7,佐伯区,八幡が丘二丁目,,514,252,262,513,251,262,1,264,263
2026,7,佐伯区,観音台一丁目,@8-1,"1,615",770,845,"1,598",760,838,17,717,703
2026,7,佐伯区,観音台二丁目,,982,474,508,980,473,507,2,422,420
2026,7,佐伯区,観音台三丁目,,938,454,484,914,444,470,24,444,426
2026,7,佐伯区,観音台四丁目,,"1,210",582,628,"1,196",577,619,14,536,529
2026,7,佐伯区,倉重一丁目,,279,138,141,279,138,141,0,136,136
2026,7,佐伯区,倉重二丁目,,122,62,60,122,62,60,0,59,59
2026,7,佐伯区,倉重三丁目,,14,4,10,14,4,10,0,10,10
2026,7,佐伯区,千同一丁目,,"1,291",632,659,"1,275",623,652,16,626,610
2026,7,佐伯区,千同二丁目,,"1,027",480,547,"1,011",472,539,16,525,509
2026,7,佐伯区,千同三丁目,,582,309,273,578,307,271,4,278,274
2026,7,佐伯区,坪井一丁目,,"1,766",875,891,"1,729",846,883,37,902,866
2026,7,佐伯区,坪井二丁目,,"1,081",540,541,"1,071",535,536,10,503,495
2026,7,佐伯区,坪井三丁目,,75,35,40,70,35,35,5,38,33
2026,7,佐伯区,三宅一丁目,,560,288,272,549,283,266,11,305,295
2026,7,佐伯区,三宅二丁目,,430,214,216,428,213,215,2,234,232
2026,7,佐伯区,三宅三丁目,,"1,344",686,658,"1,334",680,654,10,672,665
2026,7,佐伯区,三宅四丁目,,"1,018",503,515,996,490,506,22,505,483
2026,7,佐伯区,三宅五丁目,,"1,198",607,591,"1,170",594,576,28,548,529
2026,7,佐伯区,三宅六丁目,,116,50,66,115,50,65,1,55,54
2026,7,佐伯区,屋代町,,99,46,53,99,46,53,0,48,48
2026,7,佐伯区,三宅町,,146,78,68,139,72,67,7,137,130
2026,7,佐伯区,坪井町,*8-1,x,x,x,x,x,x,x,x,x
2026,7,佐伯区,河内南一丁目,,"1,452",718,734,"1,441",716,725,11,640,631
2026,7,佐伯区,河内南二丁目,,"1,977",987,990,"1,967",982,985,10,860,851
2026,7,佐伯区,石内上一丁目,,4,4,0,0,0,0,4,4,0
2026,7,佐伯区,石内南一丁目,,386,199,187,386,199,187,0,137,137
2026,7,佐伯区,石内南二丁目,,599,307,292,597,307,290,2,225,223
2026,7,佐伯区,石内南四丁目,,815,404,411,812,404,408,3,302,300
2026,7,佐伯区,石内南五丁目,,19,19,0,11,11,0,8,19,11
2026,7,佐伯区,海老山南一丁目,,"1,113",545,568,"1,109",544,565,4,426,422
2026,7,佐伯区,海老山南二丁目,@8-2,553,271,282,541,265,276,12,232,225
2026,7,佐伯区,五日市港四丁目,*8-2,x,x,x,x,x,x,x,x,x
2026,7,佐伯区,石内北一丁目,,"1,913",971,942,"1,900",963,937,13,604,596
2026,7,佐伯区,石内北二丁目,,"2,321","1,175","1,146","2,283","1,160","1,123",38,665,648
2026,7,佐伯区,石内北三丁目,,"1,072",538,534,"1,041",522,519,31,300,289
2026,7,佐伯区,石内東一丁目,,517,275,242,507,267,240,10,201,194
2026,7,佐伯区,石内東二丁目,,535,292,243,521,286,235,14,154,147
