region_id,region_nm,admin_area_m2,uncovered_area_m2,uncovered_ratio,population,pop_density,bus_stop_cnt,subway_cnt,pop_norm,unc_norm,bus_sub_inv_norm,vulnerability_score,rank
11210540,청림동,296933.7246869572,0.0,0.0,14418.0,48556.28984279302,8,0.0,0.9867781223560732,0.0,0.9333333333333332,0.6336367803775043,1
11210630,남현동,3278571.4883746365,2498685.344903898,0.7621262350886331,17469.0,5328.23519692728,9,0.0,0.1041109369740006,0.8778436535448125,0.923809523809524,0.6289021577283512,2
11110640,중계4동,1518104.833670994,937959.6618326936,0.6178490714403255,18827.0,12401.646831249214,7,0.0,0.2485418716867395,0.7116601702464272,0.9428571428571428,0.6280095309808023,3
11250630,천호3동,561116.751845731,327.77378395032935,0.0005841454258354,26936.0,48004.26989819325,12,0.0,0.9755065096321996,0.0006728391324269,0.8952380952380953,0.6175677565208982,4
11200660,사당4동,435822.41007370217,92824.91411121158,0.2129879326203393,13729.0,31501.363130175618,4,0.0,0.6385361234586455,0.2453269502140297,0.9714285714285714,0.6122462428834115,5
11240540,거여2동,509222.7971223169,1492.7949231100572,0.0029315162862818,23160.0,45481.07455298569,9,0.0,0.9239857610866368,0.0033766229906473,0.923809523809524,0.6108867296026466,6
11250720,암사1동,734907.4677177044,31036.4547134405,0.0422317857373608,32998.0,44900.89085973927,13,0.0,0.9121390769895218,0.048644047902504,0.8857142857142857,0.6093441455000828,7
11150580,신월2동,606372.9592560596,123710.01388018749,0.2040163763766173,20551.0,33891.68281054847,9,0.0,0.6873437036683615,0.2349931979452132,0.923809523809524,0.6092283203896226,8
11070680,망우3동,961818.5403142516,507286.689264598,0.5274245276025288,15746.0,16371.071402777665,11,0.0,0.3295929585987097,0.6075060179838916,0.9047619047619048,0.6078140908436871,9
11250580,암사2동,2172643.194203696,1438207.70153871,0.6619622151376003,14613.0,6725.908809594435,6,1.0,0.132649825524094,0.7624712320491476,0.9428571428571428,0.606532806142027,10
11240790,잠실2동,2684789.6284340844,1532834.9187052026,0.5709329708634324,34722.0,12932.856873501769,11,0.0,0.2593885701255877,0.657620564674122,0.9047619047619048,0.6011844430553328,11
11010680,창신2동,257320.9556602877,33979.696470976145,0.1320518042682686,8456.0,32861.68426625743,1,0.0,0.6663123173733978,0.1521018867728128,1.0,0.6000766873682495,12
11020670,황학동,328391.18411194487,0.0,0.0,14012.0,42668.624122453504,7,1.0,0.8665587561963793,0.0,0.9333333333333332,0.5939643895448052,13
11160580,화곡3동,521482.5470148352,29957.177040945164,0.057446173821984,20741.0,39773.14316409895,9,0.0,0.8074363633712692,0.066168512233667,0.923809523809524,0.5931467518067719,14
11090730,삼각산동,621441.3109988387,0.0,0.0,30090.0,48419.69702921187,22,0.0,0.9839890541156726,0.0,0.8,0.588716387858172,15
11150600,신월4동,469534.5661586713,55657.84256229859,0.1185383283229673,16813.0,35807.800344817064,10,0.0,0.7264686211482151,0.1365365925344723,0.9142857142857144,0.5865060062295726,16
11210570,행운동,717700.1089041155,47244.98799615903,0.0658283138180085,29150.0,40615.85004426191,15,0.0,0.8246434691758023,0.0758233542530846,0.8666666666666667,0.5831540517315328,17
11110600,중계본동,2181556.308852928,1368270.9046229422,0.6271994443005623,22291.0,10217.934742065268,18,0.0,0.2039529809944506,0.7224302567435571,0.8380952380952381,0.5822778970249711,18
11040570,행당2동,457322.19047258806,0.0,0.0,22502.0,49203.82275075448,25,1.0,1.0,0.0,0.7619047619047619,0.5814285714285714,19
11150530,목3동,531463.9494112073,12937.118469737909,0.0243424196205039,20871.0,39270.77278359584,8,0.0,0.7971785376742619,0.0280384503143354,0.9333333333333332,0.5803216060362371,20
11210690,신림동,540769.6952988511,0.0,0.0,24445.0,45204.08634675933,17,1.0,0.9183299803123977,0.0,0.8380952380952381,0.5796203220745197,21
11040520,왕십리2동,372143.45561327465,0.0,0.0,16125.0,43330.06467472774,13,1.0,0.880064611950388,0.0,0.8761904761904762,0.5795641790864852,22
11070570,면목7동,1234524.0403690413,611312.3850833972,0.4951806243486802,20978.0,16992.783707742914,18,0.0,0.3422876092101399,0.5703663624600109,0.8380952380952381,0.5777472392225784,23
11110760,상계3·4동,5207882.579618026,3774844.881203514,0.7248329476507479,26743.0,5135.100415793452,20,1.0,0.1001673467509535,0.8348879407115407,0.8095238095238095,0.5757111020054804,24
11080620,정릉1동,411654.2564208806,0.0,0.0,17832.0,43317.90506683923,16,0.0,0.8798163267347282,0.0,0.8571428571428572,0.5731965306796032,25
11200630,사당1동,634697.5537700481,71700.25844309747,0.112967598531307,22643.0,35675.259602786486,12,2.0,0.723762291551036,0.1301200311197439,0.8761904761904762,0.5709240236242146,26
11160530,등촌2동,910005.5085114604,299024.844233245,0.3285967408289366,19139.0,21031.740820235893,9,0.0,0.424758470681211,0.3784892190184805,0.923809523809524,0.5699288804580411,27
11150540,목4동,577074.0548250616,4384.33381422926,0.0075975237104679,23864.0,41353.44467571724,14,0.0,0.8397043036878608,0.0087510935391363,0.8761904761904762,0.5691331382277662,28
11150620,신월6동,443965.8370358208,76837.32065991686,0.1730703451709897,13765.0,31004.637861109542,12,0.0,0.628393564448148,0.1993484768405782,0.8952380952380953,0.568583445053851,29
11170550,구로4동,524117.7855088603,236.62872402568863,0.0004514800500348,21805.0,41603.24378007848,13,1.0,0.8448049142557847,0.000520030512503,0.8761904761904762,0.5681000889163921,30
11210610,중앙동,384442.61995657126,0.0,0.0,15600.0,40578.22725732715,12,0.0,0.8238752551138467,0.0,0.8952380952380953,0.5673074056161409,31
11090740,우이동,10579790.133982304,9185161.378430117,0.8681799224851692,19576.0,1850.3202570268245,34,0.0,0.033095911751398,1.0,0.6857142857142857,0.5672073651636758,32
11140610,염리동,496964.15982455935,31949.871562161028,0.0642900920127522,17650.0,35515.639611176164,10,0.0,0.7205030348049343,0.0740515765772624,0.9142857142857144,0.5639173074704107,33
11230680,개포1동,1448844.313923387,575577.741390808,0.39726679799859,26681.0,18415.36716098184,15,0.0,0.3713351280709406,0.457585792656218,0.8666666666666667,0.5595439038399623,34
11050600,구의1동,594547.364992871,0.0,0.0,23644.0,39768.067932289145,13,0.0,0.807332732971673,0.0,0.8857142857142857,0.5587055161663663,35
11110590,하계2동,499641.4259206738,44293.20932267065,0.0886499938251775,19663.0,39354.22280842225,22,1.0,0.798882491255727,0.1021101634917063,0.7904761904761904,0.5581847189237958,36
11050640,자양1동,568431.3423805085,0.0,0.0,22532.0,39638.912072721454,13,0.0,0.8046955187834763,0.0,0.8857142857142857,0.5578352354842615,37
11110610,중계1동,622972.9508204972,0.0,0.0,26075.0,41855.749861462646,18,0.0,0.849960798182857,0.0,0.8380952380952381,0.5570584919717714,38
11190660,신길4동,322364.4262587665,0.0,0.0,12471.0,38686.0304182241,12,0.0,0.7852387707325245,0.0,0.8952380952380953,0.5545573657703045,39
11030590,용문동,277325.0020929131,0.0,0.0,11168.0,40270.44051462172,17,0.0,0.817590603627507,0.0,0.8476190476190476,0.5495191849113631,40
11080660,길음1동,796710.2671647514,115.60397816578038,0.000145101654805,35605.0,44690.02279424278,27,0.0,0.907833393484133,0.0001671331610499,0.7523809523809524,0.5479258880786247,41
11140780,아현동,748278.2164091958,10760.317231489638,0.014380102207339,29566.0,39512.041579774974,17,1.0,0.8021049691546644,0.0165635046778967,0.8380952380952381,0.5467320249361738,42
11170640,개봉2동,781957.1161877605,76888.34805801605,0.0983280879044445,29683.0,37959.8821796164,25,0.0,0.770411658404829,0.1132577307512248,0.7714285714285715,0.5461823269929263,43
11150570,신월1동,621951.22952854,63069.1252222752,0.1014052585282028,18811.0,30245.13676781276,9,0.0,0.6128854251666827,0.1168021235021535,0.923809523809524,0.5456540339178588,44
11160520,등촌1동,650269.1760345426,0.0,0.0,25115.0,38622.46731908123,15,0.0,0.7839408853135709,0.0,0.8666666666666667,0.5447004921534784,45
11160730,화곡1동,1196882.3108623666,47203.05441356993,0.0394383424211187,50724.0,42380.10666516812,27,1.0,0.8606675613683457,0.0454264621879602,0.7428571428571429,0.5441538849164381,46
11110650,상계1동,5398483.715671153,3708691.06602983,0.6869875434214876,36174.0,6700.770420959357,29,1.0,0.132136528524649,0.7912962804472401,0.7238095238095238,0.5435899698178663,47
11170670,오류1동,726889.696205976,73759.9966622124,0.1014734381945501,23441.0,32248.3591696939,14,0.0,0.6537889239164661,0.1168806552264902,0.8761904761904762,0.5434638182600328,48
11250730,천호2동,1849737.093643361,781891.4179802769,0.4227040808487077,35486.0,19184.347938930336,25,0.0,0.387036831616132,0.4868853447321325,0.7714285714285715,0.542965746766356,49
11100640,도봉1동,8445069.213435125,6849521.193106982,0.8110675022307915,19630.0,2324.433288097977,36,0.0,0.0427767548547219,0.9342159167987978,0.6666666666666667,0.5424075816456615,50
11100600,창2동,653945.315865473,0.0,0.0,27820.0,42541.78342600594,25,0.0,0.8639688149778244,0.0,0.7714285714285715,0.5396811375141106,51
11080650,정릉4동,3568232.2006509183,2527915.62163551,0.7084504257246395,24078.0,6747.879242726323,34,0.0,0.1330984365137168,0.8160179789653471,0.6857142857142857,0.5394941313938054,52
11060720,휘경1동,521397.6391108827,0.0,0.0,19199.0,36822.18437494125,13,0.0,0.7471811770127171,0.0,0.8857142857142857,0.5388555026999109,53
11070610,중화1동,641000.8766084402,101320.28087445525,0.1580657446375809,18180.0,28361.89569067528,14,0.0,0.5744318071500825,0.18206565314839,0.8761904761904762,0.5387870190413531,54
11030630,이촌1동,2870622.3111838945,1611270.9652399651,0.5612967470372127,25395.0,8846.513838153323,21,0.0,0.1759501425797485,0.6465212250365087,0.8095238095238095,0.538558408456222,55
11060840,전농2동,976821.1580549818,310051.89812495606,0.3174090728566143,17870.0,18294.034535024028,12,0.0,0.3688576553202801,0.3656028717503963,0.8952380952380953,0.5378005453618946,56
11210790,성현동,677719.1187233211,0.0,0.0,29888.0,44100.86594030672,29,0.0,0.8958034877603501,0.0,0.7333333333333334,0.5376151509609156,57
11030640,이촌2동,1204647.8612725514,586452.4834913637,0.4868248243697159,7783.0,6460.809212559668,8,0.0,0.1272367964836355,0.5607418597935063,0.9333333333333332,0.5350329565714569,58
11250660,성내2동,624661.9512845984,0.0,0.0,24903.0,39866.36283639132,18,3.0,0.8093398019238163,0.0,0.8095238095238095,0.5342249917777165,59
11200690,신대방1동,674784.7301236533,0.0,0.0,24680.0,36574.62728221106,14,0.0,0.7421263457451153,0.0,0.8761904761904762,0.5340445512387452,60
11250700,둔촌1동,911467.472972624,382.4061065972664,0.0004195499213483,32883.0,36076.986809805385,13,0.0,0.7319650993344459,0.0004832522735004,0.8857142857142857,0.5339936703163366,61
11210640,서원동,647053.8205875297,28464.62227271433,0.0439911200074025,23834.0,36834.6484352083,21,0.0,0.7474356787959797,0.05067051064885,0.8095238095238095,0.530517899659651,62
11050560,중곡2동,545123.0512268229,0.0,0.0,20180.0,37019.164672240586,17,0.0,0.7512032882554575,0.0,0.8476190476190476,0.5276113708385868,63
11240580,방이2동,769245.388528477,0.0,0.0,26913.0,34986.23508355773,13,0.0,0.7096932028994826,0.0,0.8857142857142857,0.5264844712425435,64
11160550,화곡본동,971674.1335846644,126784.49732325,0.1304804696771347,32276.0,33216.89739844005,25,0.0,0.6735653612164052,0.1502919686320709,0.7714285714285715,0.5264443474214258,65
11210800,청룡동,1194718.4362975128,131338.64681770207,0.1099327195658975,37064.0,31023.20921309545,16,2.0,0.6287727701080008,0.1266243513800855,0.8380952380952381,0.5258524786624971,66
11010710,숭인2동,351640.3087193132,0.0,0.0,11439.0,32530.40028790003,8,0.0,0.6595478793450289,0.0,0.9333333333333332,0.5256508001838596,67
11150650,신정2동,525516.3171530407,0.0,0.0,18540.0,35279.58960520875,14,0.0,0.7156831650216752,0.0,0.8761904761904762,0.52531830160001,68
11240710,잠실본동,1028207.0086661588,140921.11936748825,0.1370552020942729,27831.0,27067.50660657698,13,0.0,0.5480018699481872,0.1578649753866131,0.8857142857142857,0.5252217732461985,69
11090640,수유2동,581177.0299202288,0.0,0.0,20214.0,34781.1406152348,13,0.0,0.7055054096116495,0.0,0.8857142857142857,0.5251024994575586,70
11130690,남가좌1동,475186.4461332001,0.0,0.0,16955.0,35680.73150648603,15,0.0,0.723874021534648,0.0,0.8666666666666667,0.5248784271064338,71
11210620,인헌동,1088265.6672411826,328134.7906059631,0.3015208514643341,25387.0,23327.943501477483,24,1.0,0.4716442899558037,0.3473022626476194,0.7714285714285715,0.5248237909305582,72
11210650,신원동,544574.9476604281,0.0,0.0,18155.0,33337.927273365174,10,0.0,0.6760366521389894,0.0,0.9142857142857144,0.5248063809201522,73
11020720,청구동,342312.1189814826,0.0,0.0,10914.0,31883.18319688353,5,2.0,0.646332450320088,0.0,0.9428571428571428,0.5244325657484862,74
11100540,쌍문4동,554446.9552748543,45144.21872143488,0.0814220698516698,17714.0,31948.95351390052,17,0.0,0.6476754045908425,0.0937847878566447,0.8476190476190476,0.5243961492219565,75
11250610,천호1동,668477.4407063894,0.0,0.0,25329.0,37890.5830737302,19,1.0,0.7689966503216948,0.0,0.819047619047619,0.5240546088918736,76
11220590,반포3동,1250766.5253635875,367544.9231773985,0.2938557402394153,23709.0,18955.576056137244,15,0.0,0.3823655727419174,0.3384733194454115,0.8666666666666667,0.5238768344218185,77
11050670,자양4동,1179145.746809917,305947.7158156418,0.2594655636450019,23516.0,19943.25134413674,12,1.0,0.402532766793832,0.2988615112202554,0.8857142857142857,0.5237458260303631,78
11020650,신당5동,319464.3960837916,0.0,0.0,10284.0,32191.3807174388,8,0.0,0.652625489417934,0.0,0.9333333333333332,0.5233664115079182,79
11050660,자양3동,1195503.4109200735,311375.1821438342,0.2604552854468195,27050.0,22626.45154578187,19,0.0,0.4573206305828685,0.3000015074078942,0.8285714285714285,0.5233448769655231,80
11020730,동화동,326798.3959590206,0.0,0.0,9871.0,30205.166616661696,4,0.0,0.6120692806257166,0.0,0.9714285714285714,0.5225542911779151,81
11230730,일원1동,952737.9558966073,343399.2782759172,0.360434132124766,14221.0,14926.454763331889,15,0.0,0.3000955474026298,0.4151606398510363,0.8666666666666667,0.5220345417937099,82
11210810,난곡동,971656.5800127106,225072.86269321,0.2316382838577244,24665.0,25384.48306466195,22,0.0,0.5136364638515244,0.2668090770800811,0.8,0.5215470285074298,83
11160650,가양2동,823277.8610081039,268921.0350334984,0.3266467468276196,13010.0,15802.684143685066,13,0.0,0.317987144127059,0.3762431477251763,0.8857142857142857,0.5213817105969519,84
11080590,돈암2동,518095.7422690566,0.0,0.0,23009.0,44410.71045909311,35,0.0,0.9021301566688572,0.0,0.6761904761904762,0.5208458088435801,85
11220580,반포2동,1394982.6072868814,417717.84931936814,0.2994430519329503,26596.0,19065.47068119142,17,0.0,0.3846094946620648,0.3449089804746845,0.8476190476190476,0.520455382509413,86
11060710,회기동,766332.5425664168,201726.34073100385,0.2632360359582675,13543.0,17672.484525640837,10,0.0,0.3561663185980774,0.3032044731059353,0.9142857142857144,0.5193066469766099,87
11180530,독산2동,616755.3251644023,19168.870391129203,0.0310801862732511,18494.0,29985.95917282148,9,0.0,0.6075933166006331,0.0357992456037038,0.923809523809524,0.5171766883845741,88
11050610,구의2동,1386971.861121762,465159.16665273183,0.3353775081467897,25502.0,18386.81859008615,21,0.0,0.3707521990697258,0.3862995439779003,0.8095238095238095,0.5169699323485738,89
11250530,명일1동,634447.1324600193,0.0,0.0,24743.0,38999.30937359737,24,1.0,0.7916355668882635,0.0,0.7714285714285715,0.5158111656445556,90
11240610,송파1동,686394.3359947677,0.0,0.0,23162.0,33744.45094514381,14,0.0,0.684337398219275,0.0,0.8761904761904762,0.5149741985552179,91
11110690,상계5동,906113.294237248,246881.58864680937,0.2724621636355422,22309.0,24620.541539211565,27,1.0,0.4980376560497427,0.3138314496557557,0.7428571428571429,0.5130596620256717,92
11240510,풍납1동,1074461.3946915208,385106.1362845462,0.3584178437561366,11193.0,10417.312390468456,8,0.0,0.2080240433909855,0.4128382083867637,0.9333333333333332,0.5128845430866573,93
11010570,무악동,369245.4830941786,54557.02847643696,0.1477527308371212,7714.0,20891.25081601199,4,1.0,0.4218898262876912,0.1701867631471807,0.961904761904762,0.5128138459420792,94
11120590,응암1동,1109043.7985435503,164999.76521583955,0.1487765996550588,32352.0,29171.075157253657,23,0.0,0.5909543217088543,0.1713660910623055,0.7904761904761904,0.5124228790716256,95
11130700,남가좌2동,783220.5094301556,0.0,0.0,30148.0,38492.35258399279,25,0.0,0.7812840919894642,0.0,0.7714285714285715,0.5123951789279518,96
11100520,쌍문2동,540781.779986654,5215.916842949746,0.0096451416005148,17583.0,32514.039212700427,14,0.0,0.6592138049964475,0.0111096114419527,0.8761904761904762,0.5103495845675292,97
11250670,성내3동,646852.9002456805,0.0,0.0,21921.0,33888.69400086822,15,1.0,0.6872826756103164,0.0,0.8571428571428572,0.5096604258085473,98
11160761,방화3동,2557045.31522031,1217290.105952247,0.4760533959670432,21501.0,8408.533033036028,18,1.0,0.1670070779965443,0.5483349518200538,0.8285714285714285,0.5094914412680488,99
11020710,약수동,485866.2101096632,0.0,0.0,15980.0,32889.71257415331,12,2.0,0.666884623202197,0.0,0.8761904761904762,0.5092147827995821,100
11220570,반포1동,991618.2690024074,26181.158504196275,0.0264024567947252,33770.0,34055.44356698214,19,1.0,0.6906875100723624,0.0304112731830379,0.819047619047619,0.5082483127599964,101
11230770,압구정동,2343277.7495913915,1037415.5212302818,0.4427198275625588,25668.0,10953.887137141915,20,1.0,0.218980282927401,0.5099401818637677,0.8095238095238095,0.5076866105239428,102
11010690,창신3동,216671.88605899923,0.0,0.0,6354.0,29325.447410698314,6,1.0,0.5941064256738685,0.0,0.9428571428571428,0.5071979776152338,103
11110720,상계8동,665840.2199539224,0.0,0.0,21305.0,31997.16592889846,12,1.0,0.6486598466851103,0.0,0.8857142857142857,0.5063434636918007,104
11080680,길음2동,587556.5645287607,0.0,0.0,21499.0,36590.51961617158,22,1.0,0.7424508489364108,0.0,0.7904761904761904,0.5058659230061584,105
11170700,가리봉동,410699.0234027877,0.0,0.0,12521.0,30487.045954624034,10,0.0,0.6178249326876669,0.0,0.9142857142857144,0.5055965135012158,106
11130740,북아현동,458651.8872673516,0.0,0.0,15471.0,33731.4648200321,16,1.0,0.6840722364719959,0.0,0.8476190476190476,0.5054581237500444,107
11140630,신수동,797289.7320185351,126496.51529340056,0.1586581517526175,22283.0,27948.434684572072,24,0.0,0.565989408677329,0.182748008383398,0.780952380952381,0.5047976333443257,108
11240620,송파2동,630534.0681368946,0.0,0.0,19452.0,30850.038059762373,12,0.0,0.6252368142165299,0.0,0.8952380952380953,0.5017567201200264,109
11130650,홍제2동,699457.7647965035,151015.8490801643,0.2159041713177636,12038.0,17210.474464462157,9,0.0,0.3467326042276394,0.2486859759434852,0.923809523809524,0.501345274313614,110
11210710,난향동,820791.9534738227,209027.57498209897,0.2546657214382224,14564.0,17743.83866503692,15,0.0,0.3576232881032302,0.2933328850881976,0.8666666666666667,0.5008155371531713,111
11060900,이문2동,724135.363877409,54514.92891598224,0.075282787770618,18800.0,25961.9968003423,11,0.0,0.5254286304842464,0.0867133480294276,0.9047619047619048,0.5005782814809411,112
11100630,창5동,700942.8272138005,5681.562041146591,0.0081055998015279,23443.0,33444.95312575536,18,1.0,0.6782219970189816,0.0093363133511836,0.8285714285714285,0.500322813850726,113
11040710,왕십리도선동,709747.3188761632,0.0,0.0,26041.0,36690.52253868906,25,0.0,0.7444927936612338,0.0,0.7714285714285715,0.5002540504796358,114
11160630,화곡8동,593251.291764376,0.0,0.0,22870.0,38550.2742555906,27,2.0,0.7824667859427475,0.0,0.7333333333333334,0.5002140393611068,115
11130710,북가좌1동,577555.0391850589,0.0,0.0,17398.0,30123.53597424916,11,0.0,0.6104024767417695,0.0,0.9047619047619048,0.5000042458962125,116
11080610,보문동,552588.387721046,0.0,0.0,16387.0,29654.98436835118,9,1.0,0.6008351915476445,0.0,0.9142857142857144,0.4999898989250084,117
11250590,암사3동,1797967.186667379,763202.1314426179,0.4244805673329616,16867.0,9381.150070521486,18,0.0,0.1868667998823646,0.4889315639987203,0.8380952380952381,0.4995848886521866,118
11070590,상봉1동,853561.8321288726,61345.88329958129,0.0718704620924511,22993.0,26937.70871016228,13,0.0,0.5453515461055936,0.0827829119645172,0.8857142857142857,0.4995700854488508,119
11070710,면목본동,848365.7839382659,0.0,0.0,32554.0,38372.59896182807,28,1.0,0.7788388606811998,0.0,0.7333333333333334,0.4990168240247959,120
11100530,쌍문3동,504423.0192306672,0.0,0.0,16270.0,32254.67391399896,15,1.0,0.6539178637364006,0.0,0.8571428571428572,0.4986500378901551,121
11230510,신사동,2057678.64575626,724804.013994648,0.3522435417646376,24296.0,11807.480264281246,14,1.0,0.2364096733814915,0.4057264314018444,0.8666666666666667,0.4979049145785009,122
11240640,삼전동,952604.6652579844,14812.441042914685,0.0155494105615189,28796.0,30228.699323240737,14,0.0,0.6125497914433028,0.0179103549377283,0.8761904761904762,0.4971947054485974,123
11160510,염창동,1733196.0006624644,537421.7374609236,0.310075569788708,41267.0,23809.77107276204,36,0.0,0.4814826551024503,0.3571558864216938,0.6666666666666667,0.4967507187029676,124
11070700,신내2동,910579.9228567214,199682.97971979863,0.2192920958473828,19121.0,20998.70590163305,19,0.0,0.4240839356168558,0.2525883059120489,0.8285714285714285,0.49673041113311,125
11120650,신사1동,807720.0019274,56894.33650128145,0.0704381919050152,25938.0,32112.61320520248,24,1.0,0.6510171473610279,0.0811331730678423,0.7714285714285715,0.4961810343129558,126
11240680,문정1동,612070.685209791,0.0,0.0,19797.0,32344.303490395818,17,0.0,0.6557479966575629,0.0,0.8476190476190476,0.4961111246112815,127
11190710,대림2동,572128.4858428515,0.0,0.0,17436.0,30475.671866457644,12,1.0,0.6175926868817809,0.0,0.8857142857142857,0.4960913009567019,128
11160570,화곡2동,454291.5984530739,0.0,0.0,17007.0,37436.30755644877,28,0.0,0.7597208664468095,0.0,0.7428571428571429,0.4958507430703043,129
11190700,대림1동,498611.68961777486,0.0,0.0,15785.0,31657.901988018864,16,0.0,0.6417324669949752,0.0,0.8571428571428572,0.4946288569654847,130
11050650,자양2동,1656250.453726499,475782.91078838566,0.2872650749878392,26732.0,16140.07105015672,17,1.0,0.3248761969322279,0.3308819606949002,0.8380952380952381,0.4929716205883809,131
11150630,신월7동,1229742.7505784568,390702.4265034399,0.3177106970703084,18057.0,14683.558810577437,19,0.0,0.2951358912553696,0.3659502930692753,0.8285714285714285,0.4915870122557043,132
11050580,중곡4동,2311686.9560514,1139594.5945351413,0.4929709844803928,27213.0,11771.92263371275,34,0.0,0.2356836274386456,0.5678212219758101,0.6857142857142857,0.4914423145924847,133
11230670,도곡2동,990008.5131403382,75.94724651413895,7.671373074685175e-05,32199.0,32523.96274640483,19,0.0,0.6594164321476268,8.836155819781955e-05,0.8285714285714285,0.4910651533514935,134
11140590,용강동,790016.0319886446,98063.1997760498,0.1241281136146099,21497.0,27210.840197618912,22,1.0,0.5509285771158388,0.1429751027405616,0.7904761904761904,0.489845357209755,135
11240630,석촌동,946183.879225404,6225.890747322461,0.0065800008687733,30682.0,32427.10077148841,19,1.0,0.65743862196231,0.0075790751414039,0.819047619047619,0.4897415543299399,136
11240780,잠실7동,722932.199295342,164792.8199526457,0.2279505880541396,9340.0,12919.60713481002,4,1.0,0.2591180256920271,0.2625614600734258,0.961904761904762,0.4895828017311709,137
11070600,상봉2동,676924.923790068,0.0,0.0,21802.0,32207.41212767248,18,1.0,0.6529528323868597,0.0,0.8285714285714285,0.4889030061162351,138
11190750,도림동,585455.3514027644,0.0,0.0,19572.0,33430.388761679336,22,0.0,0.677924609446231,0.0,0.8,0.4877151211172562,139
11180600,시흥4동,821105.7615013814,153366.7516694209,0.1867807520787477,19060.0,23212.600487845844,23,0.0,0.4692891182038068,0.2151406030492929,0.7904761904761904,0.4867189508706658,140
11180590,시흥3동,1260465.2987393353,500107.6194250401,0.3967642900802004,10159.0,8059.722080536932,16,0.0,0.1598847593033929,0.4570069864602037,0.8571428571428572,0.4864314189591298,141
11070720,면목3·8동,1613531.4223063595,638255.5795148255,0.395564394155096,24127.0,14952.916110870165,30,1.0,0.3006358577021418,0.4556249043663564,0.7142857142857143,0.4852803371968902,142
11060860,답십리2동,875076.3166100872,6650.405707855369,0.0075998008192222,27728.0,31686.379203375083,20,0.0,0.6423139389980971,0.0087537163926433,0.819047619047619,0.4851380405646587,143
11100570,방학3동,1949549.8755562657,754143.659759579,0.3868296314011453,25468.0,13063.528314572208,26,0.0,0.2620567307459152,0.4455638991210988,0.7619047619047619,0.4849433792846861,144
11060910,답십리1동,787641.37172956,0.0,0.0,27700.0,35168.28977530009,27,0.0,0.713410550433677,0.0,0.7523809523809524,0.4837111959288277,145
11210780,은천동,775637.200816825,0.0,0.0,31974.0,41222.88096332682,40,0.0,0.8370383427633454,0.0,0.6285714285714286,0.4836512245404755,146
11150720,신정4동,996421.1641805082,0.0,0.0,31780.0,31894.143904637946,18,2.0,0.6465562553731408,0.0,0.819047619047619,0.4836492785588507,147
11100610,창3동,654987.3379620912,109771.5557354918,0.1675934012358649,12864.0,19640.07432574908,14,0.0,0.3963422405792003,0.193039941255642,0.8761904761904762,0.4836389771483551,148
11160660,가양3동,472283.6323139591,4404.081631124875,0.0093250778341545,13471.0,28523.114243868,14,0.0,0.5777237046861562,0.0107409508013746,0.8761904761904762,0.4833361934537423,149
11110730,상계9동,718979.2183847337,55839.77088809863,0.0776653475653286,19039.0,26480.59848346273,18,0.0,0.5360178807228781,0.0894576637328944,0.8380952380952381,0.4829783582418335,150
11220550,잠원동,1755541.3395059109,382432.5722416893,0.2178431026576242,35051.0,19965.92117270502,20,1.0,0.4029956586343135,0.2509193048763986,0.8095238095238095,0.4829347951013921,151
11150520,목2동,1020612.223896956,40685.03592161718,0.0398633633509418,28100.0,27532.494067832093,16,0.0,0.5574963794056759,0.0459160161603746,0.8571428571428572,0.4819832333939396,152
11020700,다산동,523575.8744234821,6821.853419825644,0.0130293501917698,13481.0,25747.93961781404,8,1.0,0.5210578288749469,0.0150076612627406,0.923809523809524,0.4817587546025798,153
11160710,방화2동,6153143.014471741,3784780.7334232414,0.6150971502729118,23088.0,3752.228730211328,33,2.0,0.0719306965371768,0.708490411195174,0.6761904761904762,0.4806818226945329,154
11200550,상도3동,636904.3291425414,0.0,0.0,23836.0,37424.77309282889,33,0.0,0.759485345958514,0.0,0.6952380952380952,0.480058735594881,155
11080580,돈암1동,488925.3573494421,0.0,0.0,13831.0,28288.571644106363,14,0.0,0.5729346144048614,0.0,0.8761904761904762,0.4782112798964614,156
11240550,마천1동,574808.5094797261,15241.996190170858,0.026516650221422,15315.0,26643.65566519188,13,1.0,0.5393473209401691,0.030542805165913,0.8761904761904762,0.4772065987578643,157
11160740,우장산동,1260678.0105633568,4612.622237940175,0.0036588424635715,43933.0,34848.70810141897,28,1.0,0.7068850600109586,0.0042143827204597,0.7333333333333334,0.476662816101368,158
11190650,신길3동,519701.8581685552,0.0,0.0,16997.0,32705.29002897533,24,0.0,0.6631189268226859,0.0,0.780952380952381,0.4765435315657721,159
11190630,신길1동,722392.2690660178,35279.566269382216,0.0488371315421124,20279.0,28072.005845548087,20,0.0,0.5685125897398736,0.056252316227627,0.819047619047619,0.4764581332549895,160
11080710,월곡1동,801148.5225744582,0.0,0.0,24937.0,31126.56304959032,21,0.0,0.630883136644379,0.0,0.8095238095238095,0.4753342922355023,161
11240750,잠실4동,779600.5396286394,0.0,0.0,21197.0,27189.5655820058,10,3.0,0.5504941739201098,0.0,0.8857142857142857,0.4739487916793505,162
11240770,잠실6동,1506838.6246932475,480968.6094045199,0.3191905234725665,16531.0,10970.65055879177,15,2.0,0.2193225727280008,0.3676548088774987,0.8476190476190476,0.4734168216441006,163
11020680,중림동,484023.1535823895,0.0,0.0,12203.0,25211.603845151243,9,0.0,0.5101064689131295,0.0,0.923809523809524,0.4731922775984756,164
11080640,정릉3동,3324627.68494526,1839506.9811567809,0.553297137446856,15656.0,4709.0987273234405,32,0.0,0.0914688819597373,0.6373069949176438,0.7047619047619047,0.4730674679409643,165
11090650,수유3동,745080.9597697614,0.0,0.0,23940.0,32130.736514053096,24,0.0,0.6513872044950819,0.0,0.780952380952381,0.4726720631976627,166
11240560,마천2동,889992.5281871463,135549.77911489972,0.1523044012414411,17125.0,19241.73457375249,15,0.0,0.3882086007334792,0.17542953631716,0.8666666666666667,0.4720005852267109,167
11060730,휘경2동,1112757.4442945395,132152.2878214989,0.1187610907472114,24917.0,22392.12159645156,18,0.0,0.4525358823789405,0.1367931780860092,0.8380952380952381,0.471050018524862,168
11140690,망원1동,1100198.3332946035,297976.28153478785,0.2708386956399776,18778.0,17067.83170973206,25,0.0,0.3438200031433618,0.3119614824363832,0.7714285714285715,0.4709793188127444,169
11120670,증산동,807136.375707914,100562.98230215874,0.1245923059953258,15404.0,19084.75502233391,11,1.0,0.3850032587409167,0.1435097757601671,0.8952380952380953,0.4698378728139291,170
11120600,응암2동,754690.3072629819,5167.761698810502,0.0068475262621992,27091.0,35896.8436977153,34,0.0,0.7282867840593973,0.0078872202464647,0.6857142857142857,0.4692231357066488,171
11230510,신사동,2057678.64575626,724804.013994648,0.3522435417646376,15291.0,7431.189525894161,14,1.0,0.1470508470333991,0.4057264314018444,0.8666666666666667,0.4684165018836304,172
11150690,신정6동,940201.0020848998,62471.56105539885,0.0664448994596558,23886.0,25405.20585176222,19,0.0,0.514059599343346,0.076533559160706,0.8285714285714285,0.4683243137349085,173
11210520,보라매동,756106.0164483478,9712.422394352656,0.0128453182266354,23513.0,31097.49094504957,25,0.0,0.630289517687932,0.0147956868086348,0.7714285714285715,0.4674495460552956,174
11230600,대치1동,809204.8156082495,858.231496528134,0.001060586244637,23800.0,29411.58967536595,18,2.0,0.5958653516981719,0.0012216203314182,0.819047619047619,0.467324415055479,175
11240670,가락2동,931586.9221248744,0.0,0.0,28758.0,30869.905230534285,23,0.0,0.6256424790064542,0.0,0.7904761904761904,0.4673191609292727,176
11220560,반포본동,971807.219832696,366937.983703404,0.3775831010666653,223.0,229.46937977924372,3,0.0,0.0,0.4349134220771103,0.9809523809523808,0.4672357149997321,177
11100560,방학2동,1091985.5199612912,280335.6341219688,0.2567210178134103,17872.0,16366.5173881001,23,0.0,0.3294999708538166,0.2957002473387604,0.7904761904761904,0.4671732148606932,178
11120580,대조동,851064.6954677476,0.0,0.0,27406.0,32202.01724492588,24,2.0,0.6528426750825717,0.0,0.7619047619047619,0.4668666542058201,179
11070520,면목2동,762536.4018238978,0.0,0.0,23464.0,30770.99000634837,23,0.0,0.6236227438312566,0.0,0.7904761904761904,0.4666526483214575,180
11210720,조원동,666117.4476422647,0.0,0.0,21420.0,32156.491435281416,26,0.0,0.651913090381379,0.0,0.7619047619047619,0.4665598912544265,181
11220610,방배본동,677002.2608332346,0.0,0.0,20170.0,29793.105823864385,21,0.0,0.6036554728991297,0.0,0.8095238095238095,0.46634916319957,182
11010540,삼청동,1477187.7161341354,689439.5982216466,0.4667244323056924,2353.0,1592.8916645461306,17,0.0,0.0278395158061427,0.5375895251870044,0.8476190476190476,0.4663058692420243,183
11170650,개봉3동,827818.8949670587,100801.1679129327,0.1217671745906982,19175.0,23163.278969083003,22,0.0,0.4682820294855702,0.1402556905971046,0.8,0.4648174476272827,184
11130720,북가좌2동,824237.07627416,0.0,0.0,30124.0,36547.73713428547,36,0.0,0.7415772798345986,0.0,0.6666666666666667,0.4647205023454176,185
11110780,중계2·3동,918380.5005524434,3096.397108268437,0.003371584116176,31612.0,34421.462543013586,31,1.0,0.6981611968254859,0.0038835085088409,0.7047619047619047,0.4642461813317564,186
11230630,대치4동,700546.9277537415,0.0,0.0,18326.0,26159.56087161946,14,0.0,0.5294626617205679,0.0,0.8761904761904762,0.4638655355106446,187
11240660,가락1동,1392151.59170428,195461.9516852826,0.1404027785839018,27316.0,19621.426404117094,14,3.0,0.395961471455191,0.1617208310715113,0.8476190476190476,0.4637494455480975,188
11120720,불광2동,1395058.255569086,315403.5044325019,0.2260862606800885,26443.0,18954.76399959592,26,0.0,0.3823489914807996,0.2604140625976647,0.7619047619047619,0.4635403792744647,189
11050530,화양동,1135422.4040883903,90458.22868308327,0.0796692300216768,28243.0,24874.443113244524,19,2.0,0.5032220343325897,0.091765805633495,0.8095238095238095,0.4634888443316651,190
11230650,역삼2동,1134166.0162880605,0.0,0.0,36481.0,32165.485013734,26,1.0,0.6520967289152961,0.0,0.7523809523809524,0.463477634827762,191
11120730,응암3동,752218.7867171962,0.0,0.0,23448.0,31171.78195233709,25,0.0,0.6318064546595091,0.0,0.7714285714285715,0.4630675586090667,192
11030720,원효로1동,588618.2404014994,2.202000549617887,3.740965533307109e-06,17755.0,30163.863063246605,23,0.0,0.6112259095432601,4.308974944500648e-06,0.7904761904761904,0.4625631149681504,193
11070540,면목4동,842818.4666529875,69944.69702686474,0.0829890418806675,17910.0,21250.127647445177,13,1.0,0.4292176786579866,0.0955896810457341,0.8761904761904762,0.462329285845085,194
11180550,독산4동,590577.806629905,1877.7633600299675,0.0031795359374327,15474.0,26201.458683829325,15,0.0,0.5303181668845156,0.0036623006995269,0.8666666666666667,0.4622135543027341,195
11040730,옥수동,1920741.9983556487,861725.3766421861,0.4486419193103034,25352.0,13199.065789004404,40,1.0,0.2648242501740027,0.5167614542686771,0.6190476190476191,0.4622089967517986,196
11010700,숭인1동,239215.31930355835,0.0,0.0,6067.0,25362.088087264707,12,1.0,0.5131791841560152,0.0,0.8857142857142857,0.4616348450571992,197
11180580,시흥2동,1307917.9418489188,337345.36490189604,0.257925481490844,20034.0,15317.474712273794,23,0.0,0.3080797252840604,0.2970875907295012,0.7904761904761904,0.4605623571416182,198
11090630,수유1동,1648718.8003374508,738629.1837872752,0.4480019173894885,19855.0,12042.68429275883,39,0.0,0.2412122692768561,0.5160242776717076,0.638095238095238,0.4604594890644546,199
11250540,명일2동,913613.9014793392,114630.00098594138,0.1254687574262284,16971.0,18575.68057197933,13,1.0,0.3746085436438455,0.1445193031728648,0.8761904761904762,0.4604550465923716,200
11150610,신월5동,637843.4046038915,39628.47463090191,0.0621288459594744,13811.0,21652.650008314813,13,0.0,0.4374367225690022,0.0715621777818016,0.8857142857142857,0.4602553514014795,201
11250650,성내1동,663160.4638028676,0.0,0.0,19078.0,28768.3012503459,21,0.0,0.5827301415168916,0.0,0.8095238095238095,0.4594438038434314,202
11050620,구의3동,1026770.2138947723,55289.0112974895,0.0538475021473068,27779.0,27054.73885401092,23,1.0,0.5477411671172719,0.0620234363323769,0.780952380952381,0.4589366048526698,203
11150590,신월3동,917380.064625888,150102.17784380956,0.163620492347435,13836.0,15082.08051767768,12,0.0,0.3032732464151506,0.188463805842308,0.8952380952380953,0.4577017986735328,204
11210660,서림동,940554.6751937022,44596.912827798114,0.0474155453202267,25112.0,26699.13898926537,23,0.0,0.5404802266398772,0.054614883496153,0.7904761904761904,0.4572385292020328,205
11240570,방이1동,608786.9065403865,0.0,0.0,15031.0,24690.084229009044,12,1.0,0.4994576378363464,0.0,0.8857142857142857,0.4571067347717086,206
11190550,당산1동,744759.1137495362,0.0,0.0,21500.0,28868.39462998568,20,2.0,0.5847739332721718,0.0,0.8,0.4569753979798167,207
11050540,군자동,737460.1434479379,0.0,0.0,21251.0,28816.472576595927,22,0.0,0.5837137446261585,0.0,0.8,0.4566255357266323,208
11240530,거여1동,521901.5798986636,791.7321563327087,0.0015170142931669,11819.0,22646.03223139288,8,1.0,0.4577204456751207,0.0017473501216482,0.923809523809524,0.4564815154700766,209
11110660,상계2동,622648.9202870327,0.0,0.0,18790.0,30177.519606615657,24,1.0,0.6115047604607108,0.0,0.7714285714285715,0.4563679995234632,210
11230511,개포3동,1299292.953309076,282434.3571376435,0.2173754243939611,15997.0,12312.080935449072,12,1.0,0.2467130390501616,0.250380616694893,0.8857142857142857,0.4563266206815823,211
11070640,묵1동,1237485.122293832,143034.46442153104,0.1155847951985062,33226.0,26849.61572581292,32,0.0,0.5435527886277345,0.1331346097795538,0.7047619047619047,0.4558782700458337,212
11160610,화곡6동,1037160.5896406336,129562.0870330618,0.1249199866704864,25771.0,24847.646793954456,29,0.0,0.502674884294955,0.1438872098227086,0.7333333333333334,0.455365491058829,213
11150700,신정7동,1233234.4674099693,190883.30911158852,0.1547826582502842,27878.0,22605.595883602884,27,1.0,0.456894781934679,0.1782840794189505,0.7428571428571429,0.4547518813895549,214
11120520,불광1동,3122614.080645747,1428916.0393018008,0.4576025094353976,34670.0,11102.87698210544,38,2.0,0.2220224842982887,0.5270825753785093,0.6285714285714286,0.4546332411219148,215
11190680,신길6동,617898.9287976847,0.0,0.0,18475.0,29899.71197384802,23,2.0,0.6058322479384264,0.0,0.7714285714285715,0.4544960703911093,216
11210820,삼성동,2602463.9456227263,1128187.3450705693,0.43350738709297,20209.0,7765.333323441805,30,0.0,0.1538736792822814,0.4993289707184808,0.7238095238095238,0.4544140173573944,217
11240520,풍납2동,2562573.008519542,963761.2532602173,0.3760912372276193,23142.0,9030.76709348846,25,1.0,0.1797123822552668,0.4331950411281757,0.7619047619047619,0.4536880211451075,218
11030690,서빙고동,2815070.4824658595,1181929.0547831147,0.419857713028842,12791.0,4543.758346254878,22,0.0,0.0880928214364645,0.4836067987232385,0.8,0.452660874652702,219
11160690,공항동,10854569.517500266,8052031.060230916,0.7418102622355534,29271.0,2696.6523133697624,56,1.0,0.0503770394863998,0.8544430054453666,0.4666666666666667,0.4525906148274828,220
11230590,삼성2동,1241326.1987014944,67375.54626847808,0.0542770678158224,30628.0,24673.611200697145,21,0.0,0.4991212775339016,0.0625182250937732,0.8095238095238095,0.4524838930099899,221
11200540,상도2동,778401.9319380721,0.0,0.0,27302.0,35074.424766679615,36,1.0,0.7114939348551218,0.0,0.6571428571428571,0.451650141359333,222
11200560,상도4동,938866.6695776192,26065.209856473208,0.0277624189899078,29261.0,31166.29969744697,32,0.0,0.6316945133164844,0.031977725205206,0.7047619047619047,0.4515832672835864,223
11140770,공덕동,1018555.8321614292,0.0,0.0,36648.0,35980.35457931748,37,2.0,0.7299919802662689,0.0,0.638095238095238,0.4514687820592973,224
11040660,성수1가2동,929378.3431760469,146797.47887569974,0.1579523344325366,13827.0,14877.686898478674,12,1.0,0.2990997636608047,0.181935023307608,0.8857142857142857,0.4510271939852905,225
11070650,묵2동,668690.8117312676,6930.835506894701,0.0103647835222238,17991.0,26904.811138978523,20,1.0,0.5446798155176559,0.0119385201774242,0.8095238095238095,0.4508269079222336,226
11240800,잠실3동,1541455.0287416717,239836.32152737785,0.1555908651601482,33772.0,21909.169823506905,28,0.0,0.4426745623266603,0.1792150004054097,0.7428571428571429,0.4503664128444403,227
11180540,독산3동,934299.2365553587,0.0,0.0,26033.0,27863.663996965606,22,0.0,0.5642584886799921,0.0,0.8,0.4502053012643974,228
11060880,장안2동,995877.0195428204,0.0,0.0,33258.0,33395.689776301726,34,0.0,0.6772160960511736,0.0,0.6857142857142857,0.4497670259826016,229
11140750,도화동,624554.4841271712,6187.79193865589,0.0099075294404514,20486.0,32800.98137255334,34,0.0,0.6650728340617087,0.0114118389332145,0.6857142857142857,0.4495256563740389,230
11010580,교남동,346667.13269296207,0.0,0.0,9589.0,27660.5397388302,22,0.0,0.5601109248194391,0.0,0.8,0.4488366051904149,231
11230800,개포2동,2241622.206387008,572745.3942024737,0.2555048716820177,42206.0,18828.328823538293,34,0.0,0.379767330522463,0.2942994476889465,0.6857142857142857,0.4487277510954794,232
11250550,고덕1동,1517309.595824923,409083.13341575017,0.2696108523543226,23764.0,15661.93218931046,29,0.0,0.3151131510125726,0.3105472095951727,0.7333333333333334,0.448467919000556,233
11120680,수색동,1288994.0797575314,220459.930701636,0.1710325393760582,21313.0,16534.598827644826,19,0.0,0.3329320006403362,0.1970012608521017,0.8285714285714285,0.4483065477210759,234
11190730,영등포본동,845749.0056309334,0.0,0.0,22068.0,26092.847704310512,19,0.0,0.5281004555306545,0.0,0.8285714285714285,0.4477017217536874,235
11250740,길동,1630343.866634952,143286.23597106445,0.0878871254729892,48655.0,29843.39745481094,37,1.0,0.6046823701930174,0.1012314650417299,0.6476190476190475,0.4466658513417523,236
11070620,중화2동,1016175.9495091476,86861.58896239244,0.0854788868053312,26172.0,25755.38223734,28,1.0,0.5212097986104038,0.0984575715142634,0.7333333333333334,0.4464902321411402,237
11080760,장위1동,708007.1794150695,0.0,0.0,22954.0,32420.57519665801,33,0.0,0.657305377225397,0.0,0.6952380952380952,0.4463393459129524,238
11090720,송천동,929209.3279187486,18843.79079192777,0.0202793818634325,22471.0,24182.92555277157,18,0.0,0.4891020406445712,0.0233585013177714,0.8380952380952381,0.4456834074190017,239
11170610,고척1동,1150403.119111447,165838.56956427102,0.1441569192652764,26495.0,23031.05716582577,31,0.0,0.4655822122515238,0.1660449816123673,0.7142857142857143,0.4441512596893698,240
11050550,중곡1동,614033.6175355928,0.0,0.0,15403.0,25084.945775150754,18,0.0,0.5075202567166954,0.0,0.8380952380952381,0.444053113287938,241
11140680,합정동,1711131.4778711223,630066.6056882166,0.3682163608328357,16035.0,9370.992356443408,28,1.0,0.1866593910371445,0.4241244830666144,0.7333333333333334,0.4435586784542404,242
11200730,사당2동,2761137.393163166,933104.677170018,0.3379421391635463,28001.0,10141.11071377074,26,1.0,0.2023843226456085,0.3892535756830051,0.7523809523809524,0.4435262207341568,243
11120560,갈현2동,984441.1451005826,54344.82942347007,0.0552037363472018,27051.0,27478.5345316262,30,0.0,0.5563945877026357,0.0635855943191831,0.7238095238095238,0.4434506029243431,244
11230750,수서동,1628146.8407620266,518353.6680524307,0.3183703429414413,13612.0,8360.425275664407,20,1.0,0.1660247728907023,0.3667100962552839,0.8095238095238095,0.4429453639610327,245
11230780,청담동,2327443.10076374,709256.6227256367,0.3047363961305422,25463.0,10940.331899690447,25,0.0,0.2187035005603365,0.3510060394603838,0.7714285714285715,0.4425755767782663,246
11040700,용답동,2375334.0588809554,736596.8578467522,0.3101024275270866,14056.0,5917.483457725494,12,3.0,0.1161427091208368,0.357186822104129,0.8666666666666667,0.4421987453042387,247
11030580,효창동,445748.1165490761,0.0,0.0,10553.0,23674.80558684121,15,1.0,0.4787268150222662,0.0,0.8571428571428572,0.4408369918144907,248
11090600,번1동,626560.6545698124,0.0,0.0,17110.0,27307.811103695112,23,1.0,0.5529086115502223,0.0,0.780952380952381,0.4401741275258591,249
11060870,장안1동,1341140.724665607,8810.936551220613,0.0065697330557294,37909.0,28266.235826558783,27,0.0,0.5724785426854782,0.007567248315215,0.7523809523809524,0.4397008253159431,250
11120740,역촌동,1156690.8080189277,6532.333789589495,0.0056474329564159,44974.0,38881.60923231272,50,0.0,0.7892322652991016,0.006504910802648,0.5333333333333333,0.4385932681135774,251
11190690,신길7동,646693.3178418647,0.0,0.0,19587.0,30287.92699662561,31,0.0,0.6137591524518338,0.0,0.7142857142857143,0.4382548060233909,252
11190620,양평2동,2872495.760794114,1053561.2912563288,0.3667755774041829,22782.0,7931.082200692898,28,0.0,0.1572580808280367,0.4224649383209486,0.7428571428571429,0.4364514534620223,253
11130620,홍제1동,1234716.2547064512,140058.68828814488,0.1134339065791624,24550.0,19883.11071990922,22,1.0,0.4013047643785278,0.1306571410387576,0.7904761904761904,0.436404571644847,254
11090690,삼양동,923394.3142221898,36004.490324726765,0.0389914576797613,24715.0,26765.38031406267,29,0.0,0.5418327983480838,0.0449117247127163,0.7333333333333334,0.4356256926100641,255
11110740,상계10동,808596.8982159187,64833.690100239925,0.0801804833079231,17810.0,22025.80796351784,24,0.0,0.4450561790705795,0.0923546850500829,0.780952380952381,0.4350598708741043,256
11050590,능동,1091266.6243724278,209789.68823416487,0.1922442082885216,11343.0,10394.34336821508,9,4.0,0.2075550423593764,0.221433603000426,0.8857142857142857,0.4338519672544491,257
11180610,시흥5동,1385953.2458878497,456473.5700086971,0.3293571203524095,17885.0,12904.475712341053,35,0.0,0.2588090594387241,0.3793650507484937,0.6761904761904762,0.433740313504639,258
11170560,구로5동,1011733.416212574,0.0,0.0,31341.0,30977.52777339815,34,0.0,0.6278400076200253,0.0,0.6857142857142857,0.4334729168003227,259
11070550,면목5동,704395.2412491364,0.0,0.0,14232.0,20204.56579854478,11,0.0,0.40786850757286,0.0,0.9047619047619048,0.4331680360704724,260
11060830,전농1동,1125837.1898495364,0.0,0.0,33235.0,29520.25417142396,31,0.0,0.5980841557982461,0.0,0.7142857142857143,0.433082057127707,261
11050570,중곡3동,601404.253166882,0.0,0.0,15500.0,25773.013606704488,22,1.0,0.5215698109056338,0.0,0.7904761904761904,0.432975180456002,262
11230720,일원본동,2352816.395596485,774231.0550792097,0.3290656493758949,22439.0,9537.08076924178,27,1.0,0.1900507255084804,0.3790293242833155,0.7428571428571429,0.4329392735741498,263
11120570,구산동,1388754.755117061,221529.55600071372,0.1595166858543289,30861.0,22222.066125273977,34,1.0,0.4490635451356198,0.1837368979896605,0.6761904761904762,0.4319670033741997,264
11040670,성수2가1동,1184061.0355309204,351598.07814915926,0.2969425288042743,14223.0,12012.04969439988,30,0.0,0.2405867459927221,0.3420287904772952,0.7238095238095238,0.4311202698922486,265
11160590,화곡4동,851431.4080997254,90347.061706576,0.1061119672672375,19339.0,22713.51493030063,30,0.0,0.459098364815708,0.122223475248646,0.7238095238095238,0.4306933500783796,266
11040720,금호2·3가동,630718.9464951933,0.0,0.0,20727.0,32862.497813291804,38,1.0,0.6663289290686705,0.0,0.638095238095238,0.4304599751640898,267
11150510,목1동,1432068.273084122,133358.19780170333,0.0931227933110348,30028.0,20968.27404417758,24,1.0,0.4234625520689209,0.1072620903792274,0.7714285714285715,0.4297105605793175,268
11040560,행당1동,573130.3813437396,0.0,0.0,15779.0,27531.257308337503,26,2.0,0.5574711261984467,0.0,0.7428571428571429,0.4291083287883446,269
11220540,서초4동,879108.2708452472,0.0,0.0,30249.0,34408.73098704454,42,1.0,0.6979012330874738,0.0,0.6,0.4283074069188664,270
11170510,신도림동,1391772.8253903447,104668.80664960288,0.0752053817549188,36093.0,25933.111598063533,32,2.0,0.5248388278571456,0.0866241890732085,0.6857142857142857,0.4280685098727312,271
11060890,이문1동,1038009.5637788502,20121.044034349765,0.019384256885938,28225.0,27191.464303322533,30,0.0,0.5505329436268245,0.022327465060987,0.7238095238095238,0.4279010777241206,272
11230710,개포4동,1664191.9336066234,380776.8320758413,0.2288058392703688,23159.0,13916.063124888486,27,0.0,0.2794645115870102,0.2635465683373683,0.7523809523809524,0.4274793706607592,273
11220620,방배1동,688726.6877161384,18298.9123519349,0.0265691930896641,16443.0,23874.49229610375,22,2.0,0.4828041880862848,0.0306033258792828,0.780952380952381,0.427138765322923,274
11030510,후암동,865244.0850112766,43388.34787670556,0.0501457896428613,16108.0,18616.712068930312,16,0.0,0.3754463596460328,0.0577596743994249,0.8571428571428572,0.425815134092144,275
11090750,인수동,2995754.951037295,1447763.6168024049,0.4832717096240163,28436.0,9492.098140455011,49,0.0,0.1891322319360174,0.5566492579564023,0.5428571428571429,0.4252507488073557,276
11100590,창1동,1121318.0706519613,60942.76386322915,0.05434922120518,23639.0,21081.44033231866,22,0.0,0.4257732775885385,0.0626013338912574,0.8,0.4251636217883326,277
11140700,망원2동,675915.0151570305,52142.469297130985,0.0771435285914118,17438.0,25799.101379555465,35,0.0,0.5221024932394538,0.0888566143877045,0.6761904761904762,0.4247593626598194,278
11120510,녹번동,1792888.4928549232,238533.5738987064,0.1330442885038963,35504.0,19802.68161767544,27,2.0,0.399662494563865,0.1532450648283324,0.7333333333333334,0.4244594945994251,279
11080830,동선동,724257.7354908236,853.709474135616,0.001178737115672,15991.0,22079.156654313163,17,1.0,0.4461454980125003,0.0013577106370968,0.8380952380952381,0.4242474874257956,280
11030700,보광동,714558.4830604363,93539.25395528386,0.1309049660353307,7547.0,10561.766711769187,9,0.0,0.2109736345822465,0.1507809183845379,0.923809523809524,0.4242361453361817,281
11210730,대학동,8398948.23553204,5199112.711966745,0.6190194969855534,28856.0,3435.668275454265,53,0.0,0.0654668959360917,0.7130083073259827,0.5047619047619047,0.4234682456479132,282
11110530,월계3동,1133291.0131072362,1494.380853659064,0.0013186205805707,28015.0,24720.04072739357,24,0.0,0.5000693150984761,0.0015188333045023,0.780952380952381,0.4232383746872686,283
11040590,금호1가동,445096.955517617,0.0,0.0,14356.0,32253.646811187096,39,1.0,0.6538968914776332,0.0,0.6285714285714286,0.4232145456161904,284
11040620,금호4가동,831188.926070067,155232.92529712745,0.1867600980093444,14047.0,16899.88829184178,30,0.0,0.3403907916003705,0.2151168129697618,0.7238095238095238,0.4221746523652865,285
11170520,구로1동,1008158.1932762684,53491.83154891964,0.0530589662472356,20313.0,20148.62363414188,21,0.0,0.4067262328810608,0.0611151731030062,0.8095238095238095,0.4215305211175993,286
11040580,응봉동,553164.6158217865,23894.60022821034,0.0431961834592624,14515.0,26239.92855804094,33,0.0,0.5311036774949408,0.0497548749291658,0.6952380952380952,0.4211118937285266,287
11080850,석관동,1703758.6725336672,234847.820661191,0.1378410126076997,34019.0,19967.02969054312,30,1.0,0.4030182932943304,0.1587700994203243,0.7142857142857143,0.4211044553101218,288
11150640,신정1동,747026.4051610158,0.0,0.0,19547.0,26166.411073229458,28,0.0,0.529602534963163,0.0,0.7428571428571429,0.4199116936807009,289
11010670,창신1동,304915.0866847244,0.0,0.0,5394.0,17690.170921510617,8,2.0,0.3565274544712927,0.0,0.9142857142857144,0.4193683456898123,290
11250770,상일2동,1115524.9935338965,186042.24398441488,0.1667755048634522,13361.0,11977.3201653451,18,0.0,0.2398776089308868,0.1920978596073225,0.8380952380952381,0.4191233331890376,291
11090700,미아동,840567.7285176015,11268.907222484497,0.0134063048582152,21140.0,25149.66882833086,27,1.0,0.5088418270637266,0.015441850831841,0.7428571428571429,0.4181564708483944,292
11010550,부암동,2273044.4117461904,990366.0776947474,0.4357002760601284,9170.0,4034.237057847653,34,0.0,0.0776889824199968,0.5018548169288853,0.6857142857142857,0.4175351680708454,293
11200650,사당3동,907006.9132749782,179.19713411305165,0.0001975697555226,23319.0,25709.83711226725,27,1.0,0.5202798195103686,0.0002275677545698,0.7428571428571429,0.4169102949402868,294
11140710,연남동,646962.645848602,0.0,0.0,14728.0,22764.838270811928,22,0.0,0.4601463284329615,0.0,0.8,0.4158482883828773,295
11020690,신당동,534537.9271608752,0.0,0.0,8878.0,16608.737282973125,8,1.0,0.3344458226762641,0.0,0.923809523809524,0.41522426434031,296
11020570,필동,1463586.7117596494,380933.23342826095,0.2602737715282139,5293.0,3616.4580871578846,10,3.0,0.0691584160738699,0.299792433327851,0.8857142857142857,0.4140394945882822,297
11220650,방배4동,948814.6509076828,12558.871915321755,0.0132363806812082,24156.0,25459.1346970572,29,1.0,0.5151607643732643,0.0152461262215313,0.7238095238095238,0.4138914167534254,298
11080780,장위3동,652103.7311583332,0.0,0.0,18806.0,28838.97009237298,36,0.0,0.584173118037516,0.0,0.6666666666666667,0.4127771289523803,299
11100550,방학1동,1040065.5574688796,0.0,0.0,27973.0,26895.42000417315,32,0.0,0.5444880593400043,0.0,0.7047619047619047,0.41225248815363,300
11010560,평창동,8940655.318946723,5580950.418818464,0.6242216280266961,17270.0,1931.6257459788235,54,0.0,0.0347560763754436,0.7190003038078313,0.4952380952380952,0.4121681768890521,301
11040650,성수1가1동,1884441.6062856824,595787.2428828621,0.3161611593034103,15193.0,8062.335255877774,30,0.0,0.1599381173400177,0.3641654812730494,0.7238095238095238,0.411811330399455,302
11230520,논현1동,1257791.7829258477,81390.56514283175,0.0647090927510297,21500.0,17093.44924323418,18,1.0,0.3443430837302165,0.0745341962824936,0.8285714285714285,0.4116580738327657,303
11190670,신길5동,494289.9277057922,0.0,0.0,10575.0,21394.326299714485,21,0.0,0.4321620493815165,0.0,0.8095238095238095,0.4097563334387576,304
11180570,시흥1동,1522242.3278402542,218665.95598493316,0.1436472708620412,32971.0,21659.49494176725,39,0.0,0.4375764882418757,0.1654579507561638,0.638095238095238,0.4095727934407816,305
11240650,가락본동,1013951.6688862976,0.0,0.0,24837.0,24495.2503774469,26,2.0,0.4954793545482283,0.0,0.7428571428571429,0.4086510441437725,306
11150710,목5동,1765073.2249471142,41850.77470809909,0.0237105034038194,40661.0,23036.438049882272,28,0.0,0.4656920837186516,0.0273105871141871,0.7428571428571429,0.407833738517694,307
11030710,청파동,885524.0846429475,1850.6290372890544,0.0020898686657802,19576.0,22106.6827424499,24,0.0,0.4467075490911175,0.0024071838240603,0.780952380952381,0.4059221475762944,308
11200520,노량진2동,600124.1793961165,20908.36985084628,0.0348400723861611,8779.0,14628.639040729846,12,0.0,0.294014492685151,0.0401300139335534,0.8952380952380953,0.4056962586127439,309
11050630,광장동,2391913.4437296,648235.2107748896,0.2710111490339409,33229.0,13892.225108358223,38,1.0,0.2789777666911727,0.3121601202872444,0.638095238095238,0.4056469312743062,310
11170720,개봉1동,1319364.586772976,145004.4222499782,0.1099047402845967,34016.0,25782.10779720823,46,0.0,0.5217555038219824,0.1265921238652857,0.5714285714285714,0.4025261457082271,311
11140720,성산1동,858622.7953807797,13033.777617132211,0.0151798644145617,18697.0,21775.56908643254,26,0.0,0.4399465888491474,0.0174846987604934,0.7619047619047619,0.4023808963397529,312
11130660,홍은1동,1597573.2301147445,270742.0209331738,0.1694708047365866,23492.0,14704.803233534843,30,0.0,0.2955696779517754,0.1952024002714502,0.7238095238095238,0.4008119286708073,313
11200700,신대방2동,969702.6209709902,2401.3007207561423,0.0024763269365526,22354.0,23052.428153299534,28,0.0,0.4660185832498683,0.0028523199770205,0.7428571428571429,0.3998702552077304,314
11200670,사당5동,681690.4735447766,8243.974335410536,0.0120934275237,13905.0,20397.82062333112,24,0.0,0.4118145489493016,0.01392963279902,0.780952380952381,0.3982098656912318,315
11200530,상도1동,1481432.6215651678,6744.465613187355,0.0045526644377937,45967.0,31028.74834188193,44,2.0,0.6288858727506129,0.0052439181325015,0.5714285714285714,0.3978342595628563,316
11210830,미성동,1358429.909153305,123246.25631687092,0.0907269896565285,29133.0,21446.08257201749,36,0.0,0.4332188529683032,0.1045025199348334,0.6666666666666667,0.3974480530580351,317
11030570,원효로2동,708448.6938684473,11780.562303400406,0.0166286738974325,13523.0,19088.185378899296,22,0.0,0.3850733026787999,0.0191534881961251,0.8,0.3973948409887253,318
11210580,낙성대동,2261134.4935929496,695403.3817978867,0.307546226802674,18239.0,8066.304791546555,34,0.0,0.1600191706954079,0.3542425007046021,0.6857142857142857,0.3959920658477176,319
11110770,상계6·7동,1449188.0551025127,59407.26677325565,0.0409934836021356,30478.0,21031.086954304246,29,1.0,0.4247451194905031,0.047217728192552,0.7238095238095238,0.394604882592551,320
11120660,신사2동,1045454.2956112648,113007.34225068582,0.1080940053764968,18957.0,18132.78694207868,31,1.0,0.3655651648258388,0.1245064560662463,0.7047619047619047,0.3942950634658166,321
11120550,갈현1동,960364.354215537,177499.32909556973,0.184824986804678,14138.0,14721.496000909436,33,1.0,0.2959105250732912,0.2128878842021773,0.6857142857142857,0.3941891893466189,322
11190720,대림3동,921021.5832207652,0.0,0.0,24392.0,26483.6356111248,37,0.0,0.5360798953785707,0.0,0.6571428571428571,0.3937635083320712,323
11080770,장위2동,679022.0125612848,0.0,0.0,15994.0,23554.46466259659,30,1.0,0.4762695916806317,0.0,0.7142857142857143,0.3928832509688942,324
11080720,월곡2동,1364216.47326786,203747.498678489,0.149351296272233,19125.0,14019.036109560902,27,2.0,0.2815671015669617,0.1720280467264368,0.7333333333333334,0.3916863989368215,325
11190610,양평1동,974200.4529026014,11366.3215457246,0.0116673334649547,18497.0,18986.85218723593,22,1.0,0.3830041953871574,0.0134388427591794,0.7904761904761904,0.391683345445434,326
11250560,고덕2동,2473374.982360957,718258.3922279539,0.2903960771618791,26459.0,10697.528756736916,39,0.0,0.2137457394825266,0.3344883585082444,0.638095238095238,0.391488680908383,327
11230660,도곡1동,1049811.325219223,39.349461539794646,3.748241288174105e-05,20852.0,19862.61673796066,22,2.0,0.4008863008248935,4.317355413431753e-05,0.780952380952381,0.3900210122593649,328
11060820,제기동,1180807.8133546792,0.0,0.0,25038.0,21204.12798494867,27,0.0,0.4282784184262473,0.0,0.7523809523809524,0.3896175923663759,329
11030520,용산2가동,1970141.642629773,580392.1283008133,0.2945941122924023,9879.0,5014.360280620926,27,1.0,0.0977019719810626,0.3393238022011903,0.7428571428571429,0.3893613626230006,330
11240590,오륜동,3082692.300394308,783264.3782096305,0.2540845150550521,17553.0,5694.0486722449705,24,1.0,0.1115804276387714,0.2926634312479076,0.7714285714285715,0.3879719020040327,331
11040690,송정동,681394.5785496088,3840.5944761116793,0.0056363736915644,9604.0,14094.623441886955,13,0.0,0.283110508005705,0.0064921723545855,0.8857142857142857,0.3878545988046101,332
11170740,항동,1445902.4577219028,296685.16876951203,0.2051903067077951,16203.0,11206.150119924894,31,0.0,0.2241312030604778,0.2363453719598086,0.7142857142857143,0.3876715554709803,333
11250710,둔촌2동,1549245.464102142,161068.1267514846,0.1039655306299901,25332.0,16351.18552028871,30,0.0,0.3291869117370325,0.1197511344565402,0.7238095238095238,0.3870066981010218,334
11110520,월계2동,2003761.452287824,510684.6519906824,0.2548629984909634,25027.0,12490.00971219656,40,0.0,0.2503461401428845,0.2935601156974661,0.6285714285714286,0.3869176358558871,335
11110560,공릉2동,6979651.621246248,3334672.989637049,0.4777706926641173,41673.0,5970.641840223982,52,1.0,0.1172281421860948,0.5503129942195581,0.5047619047619047,0.386860003585294,336
11040540,마장동,1034489.2753848684,0.0,0.0,22451.0,21702.49661761588,28,1.0,0.4384545330324397,0.0,0.7333333333333334,0.3866899959007051,337
11220680,내곡동,12699154.082174644,8137623.760842157,0.6408004586907606,16764.0,1320.0879280243585,63,0.0,0.022269177093239,0.7380963808244566,0.4095238095238095,0.3860634912556967,338
11170620,고척2동,1024829.7392522104,0.0,0.0,25357.0,24742.64653805064,36,0.0,0.500530899766799,0.0,0.6666666666666667,0.3851751969230437,339
11030660,이태원2동,873667.1416385258,91003.2845813572,0.1041624209543744,9898.0,11329.257480642718,21,0.0,0.2266449138548869,0.1199779196185613,0.8095238095238095,0.3815283921890951,340
11220670,양재2동,7556516.63097076,4032650.117500201,0.5336652209527579,20993.0,2778.13191252159,55,0.0,0.0520407592405868,0.6146942668578866,0.4857142857142857,0.3803082728982105,341
11230790,대치2동,1835962.375958284,28014.266731888896,0.0152586278993145,38694.0,21075.59528816792,30,2.0,0.4256539285058367,0.0175754212970471,0.7047619047619047,0.3788371140063802,342
11060800,청량리동,1203482.0669386815,55757.836646389376,0.0463304258352777,18669.0,15512.48706803639,24,1.0,0.3120616534227619,0.0533650049204739,0.7714285714285715,0.3751622258246965,343
11160700,방화1동,1474547.6089377275,108.07488531288357,7.329358825568293e-05,40279.0,27316.17463949989,43,2.0,0.5530793853375029,8.442211845429422e-05,0.5809523809523809,0.3742583421747515,344
11100620,창4동,1138803.1491263667,13817.414588147603,0.0121332774665644,26056.0,22880.16152746756,37,0.0,0.462501096770219,0.0139755333569946,0.6571428571428571,0.3740944307991233,345
11080820,삼선동,925528.3512052018,4454.491634511975,0.0048129175391671,22339.0,24136.483740244872,38,1.0,0.4881537522174652,0.0055436867572221,0.638095238095238,0.3734915834330754,346
11110790,공릉1동,1262293.1686118103,0.0,0.0,36035.0,28547.251063418964,45,3.0,0.5782165507962035,0.0,0.5523809523809524,0.3730971760484615,347
11190560,당산2동,1579860.9255969597,57581.05840958647,0.0364469159763724,36735.0,23252.046686400223,41,1.0,0.4700945642350301,0.0419808325813882,0.6095238095238096,0.3701277380922752,348
11020580,장충동,1017158.9803327066,121260.21495926984,0.1192146137466203,5427.0,5335.449133256298,13,1.0,0.1042582372614464,0.1373155617390551,0.8761904761904762,0.3688622108130227,349
11010720,청운효자동,2568560.046244108,653587.7596775929,0.2544568738555695,11001.0,4282.944452120664,29,0.0,0.0827673015228358,0.2930923271378881,0.7333333333333334,0.3660336774580389,350
11170690,수궁동,2659440.666794086,769257.3540599477,0.2892553173548614,22249.0,8366.044889740226,41,1.0,0.1661395189504052,0.3331743914635421,0.6095238095238096,0.3659164475794598,351
11240690,문정2동,2240296.139881806,319977.95756732626,0.1428284198106986,28869.0,12886.242798919911,33,1.0,0.2584367643053299,0.1645147694752622,0.6857142857142857,0.3658597204333097,352
11120710,진관동,11556755.579533614,6923270.167625056,0.5990669370810083,54036.0,4675.706743828243,71,1.0,0.090787056040725,0.6900262509713152,0.3238095238095237,0.3645255341711161,353
11030650,이태원1동,582381.387133424,0.0,0.0,7343.0,12608.576033213269,16,1.0,0.2527671281265048,0.0,0.8476190476190476,0.3631274379960323,354
11190540,여의동,8431315.762976488,4255041.11836471,0.5046710665314429,34490.0,4090.701969845816,58,2.0,0.078841931016795,0.5812977857018619,0.4380952380952381,0.3624175350885853,355
11080630,정릉2동,1094064.4983589426,100670.56576911904,0.0920152019557542,22008.0,20115.815871012368,45,0.0,0.4060563360703567,0.1059863279173287,0.5809523809523809,0.3606883648302219,356
11160540,등촌3동,1059596.713780959,0.0,0.0,28785.0,27165.995916773365,49,0.0,0.5500129084493052,0.0,0.5428571428571429,0.3606471169311279,357
11030530,남영동,1176908.80172945,188895.00708507607,0.1605009723841793,7496.0,6369.22758074775,21,3.0,0.125366804834778,0.1848706336409445,0.780952380952381,0.3600926404112742,358
11240600,오금동,1647585.919339596,3711.4513894783577,0.0022526602988729,37477.0,22746.61343004312,38,2.0,0.4597741981338484,0.0025946929208229,0.6285714285714286,0.360010305476613,359
11070730,망우본동,2947959.987604695,918524.447302338,0.3115796860081083,38469.0,13049.363004162484,56,1.0,0.2617674913903198,0.3588883800908572,0.4666666666666667,0.3588164375887884,360
11140600,대흥동,847570.3188063381,2958.676094173762,0.0034907736013462,16221.0,19138.23507038871,31,2.0,0.3860952598470813,0.0040207951266067,0.6952380952380952,0.3581668695698885,361
11220640,방배3동,2373348.793078361,730841.5220656239,0.3079368376856581,15669.0,6602.063736142408,43,0.0,0.1301210514836505,0.3546924199815488,0.6,0.3579884455835158,362
11240810,장지동,1277361.27866481,3434.0346477612115,0.0026883816701808,30855.0,24155.264853692657,43,1.0,0.4885372409652496,0.003096572035996,0.5904761904761905,0.357096301147554,363
11230580,삼성1동,1943143.532669328,374821.73761702346,0.1928945192752306,13005.0,6692.763443025138,29,1.0,0.1319730352392234,0.2221826539400602,0.7238095238095238,0.3557285202863064,364
11220510,서초1동,1381640.3820720047,140128.42955814584,0.101421781945892,20211.0,14628.263810362989,34,2.0,0.2940068309123857,0.1168211557525676,0.6666666666666667,0.3555732355994346,365
11130520,천연동,982085.8076232376,60825.57233614722,0.0619350894433065,16516.0,16817.267770084825,36,0.0,0.338703775518073,0.0713390022496916,0.6666666666666667,0.3553141166633624,366
11110580,하계1동,1525890.477411841,34503.264084455965,0.0226118876781898,26149.0,17136.878686308446,32,0.0,0.3452298630358112,0.0260451630964502,0.7047619047619047,0.3550921871950749,367
11080810,성북동,2877749.906683735,983974.005083377,0.3419247804675598,16098.0,5593.953790984928,46,0.0,0.1095366052221316,0.3938409212330072,0.5714285714285714,0.3546860123016244,368
11220520,서초2동,1229992.07738174,75803.49781170652,0.0616292569729944,25123.0,20425.3348147403,44,0.0,0.4123763571104174,0.0709867337136528,0.5904761904761905,0.354366962829086,369
11130750,신촌동,2718219.8689222075,724067.7835783502,0.2663757232653324,27902.0,10264.80613985922,47,1.0,0.2049100410589074,0.3068208747592672,0.5523809523809524,0.3511569165057119,370
11250760,상일1동,1802631.928545483,4423.382617257067,0.0024538468154318,39152.0,21719.353452033425,40,1.0,0.4387987302143781,0.0028264265872535,0.6190476190476191,0.3500220160302527,371
11100650,도봉2동,1118179.2074859086,3697.409973010008,0.0033066345253576,25702.0,22985.582121302232,43,1.0,0.4646536641157461,0.0038086972984729,0.5904761904761905,0.3494497221238352,372
11220630,방배2동,1902603.7207289296,345001.2413327438,0.1813311082985615,17690.0,9297.784823642922,35,2.0,0.1851645773691426,0.2088635127376597,0.6571428571428571,0.3468864125923876,373
11010640,이화동,781810.116345879,24329.891262681514,0.0311199494020332,7607.0,9729.98409838253,20,0.0,0.1939895897478819,0.0358450461661821,0.819047619047619,0.3461311441373554,374
11200720,노량진1동,1612248.5403239892,102205.00516108012,0.0633928346683703,34265.0,21252.92666918109,49,0.0,0.429274831464369,0.0730180841857158,0.5428571428571429,0.3448995193073852,375
11190740,영등포동,1371376.3175514883,0.0,0.0,32124.0,23424.64252070176,44,2.0,0.4736187727732039,0.0,0.5714285714285714,0.3448656235865859,376
11090620,번3동,1080354.8840991508,66828.44962633341,0.0618578678265133,15674.0,14508.195622283594,35,0.0,0.2915551765297358,0.0712500556905818,0.6761904761904762,0.342868583775562,377
11250750,강일동,2270383.4568156004,358096.70518259465,0.1577252089763086,34546.0,15215.9318710213,48,1.0,0.3060063371887992,0.1816734122632317,0.5428571428571429,0.3400771744620274,378
11130730,충현동,1115171.2579079766,97814.4733220202,0.0877125128794269,19756.0,17715.664620931482,43,3.0,0.357048006508555,0.1010303401492509,0.5714285714285714,0.3397372829685045,379
11220600,반포4동,1426067.0231930742,91370.58185813265,0.0640717304110622,19093.0,13388.571286957676,32,2.0,0.2686937346063502,0.0738000600470655,0.6857142857142857,0.3393086665213415,380
11230530,논현2동,1457417.0035359825,503.8615933237536,0.0003457223238793,20506.0,14070.097954290626,26,2.0,0.2826097257409439,0.0003982150645568,0.7428571428571429,0.3385354776086724,381
11140730,성산2동,1977273.1869376744,54821.04810405629,0.027725581101396,38532.0,19487.443745533663,41,2.0,0.3932256995794804,0.0319352940367837,0.6,0.3383031278933672,382
11170540,구로3동,1039346.7190630592,0.0,0.0,24515.0,23586.93162768586,47,2.0,0.4769325297871001,0.0,0.5428571428571429,0.3365305919726002,383
11010630,종로5·6가동,602712.8360407476,389.096897810465,0.000645575926948,6017.0,9983.195379620567,18,2.0,0.1991598730453456,0.0007435969321889,0.819047619047619,0.3362538593783007,384
11080840,종암동,1403462.298122869,55.86631660407669,3.980606866233448e-05,39208.0,27936.625053940472,59,0.0,0.5657482695949578,4.585002213410951e-05,0.4476190476190476,0.3344263451879261,385
11110510,월계1동,1140714.8869430171,41028.121909839,0.0359670259233572,20988.0,18398.98842404468,43,0.0,0.3710006930899804,0.0414280784337899,0.6,0.3341014946028442,386
11170710,구로2동,1702114.800719733,95382.9157459018,0.0560378863432534,28544.0,16769.72668819417,42,0.0,0.337733041274161,0.0645463974596932,0.6095238095238096,0.3338950719250291,387
11130640,홍제3동,1207991.7025559412,119746.4448880106,0.0991285326171064,17491.0,14479.404091097227,42,1.0,0.2909672865586672,0.1141797109674577,0.6,0.3316985091836212,388
11220660,양재1동,5760706.417073631,2703718.2277561,0.4693379651743399,40931.0,7105.204993382124,73,0.0,0.1403946175974995,0.5405998837554983,0.3142857142857143,0.3284424711607749,389
11040680,성수2가3동,1053696.6074018304,0.0,0.0,9786.0,9287.30331981422,20,1.0,0.1849505571094098,0.0,0.8095238095238095,0.3281765409889624,390
11090710,송중동,1074979.9763016992,0.0,0.0,28210.0,26242.34927338098,58,1.0,0.5311531057195812,0.0,0.4476190476190476,0.3229948106017475,391
11080600,안암동,1378526.410443821,22046.065526010738,0.0159924868751066,18120.0,13144.47069183542,31,2.0,0.2637094810466713,0.0184207057326643,0.6952380952380952,0.3225315330657522,392
11010730,혜화동,1131570.1287837576,0.0,0.0,18901.0,16703.33947425363,38,1.0,0.3363774906773483,0.0,0.638095238095238,0.3215760004949535,393
11100510,쌍문1동,1174885.5721111891,292.19108295259355,0.0002486974816003,21017.0,17888.550594960398,44,0.0,0.3605781393664474,0.0002864584576989,0.5904761904761905,0.3139424601391112,394
11200680,대방동,1543763.070500282,7211.458206944389,0.0046713503806043,34093.0,22084.347430951053,53,1.0,0.4462514877046677,0.0053806247525657,0.4952380952380952,0.3124671685394585,395
11190760,문래동,1785402.7318506013,838.3390647681206,0.0004695517990493,31483.0,17633.556529493668,43,1.0,0.3553714536643376,0.0005408461850917,0.5904761904761905,0.3123082018074545,396
11010600,가회동,539599.8506854728,0.0,0.0,3714.0,6882.878109180302,21,0.0,0.1358549581860169,0.0,0.8095238095238095,0.3119749933442428,397
11200710,흑석동,1707033.8715154042,4917.0068934423325,0.0028804389739948,32147.0,18832.080919086733,47,0.0,0.3798439440005423,0.0033177903558856,0.5619047619047619,0.3118719437661927,398
11130760,연희동,2927088.2418557177,576097.6635295444,0.1968159535786012,36696.0,12536.690720582938,57,0.0,0.2512993126744904,0.2266994991259583,0.4666666666666667,0.3117396078941481,399
11020590,광희동,736648.8649605664,0.0,0.0,7055.0,9577.15451089124,24,3.0,0.1908689852483467,0.0,0.7523809523809524,0.3112724794176687,400
11030740,한남동,3029614.722053193,426519.3075816244,0.140783349274382,15545.0,5131.015467691231,34,1.0,0.1000839368063387,0.1621591857035682,0.6761904761904762,0.3096830875711264,401
11140760,서강동,1477486.1854803031,238905.06321366725,0.1616969861115849,25103.0,16990.344983726183,62,2.0,0.3422378132690224,0.1862482440836993,0.4,0.3064003989263982,402
11090610,번2동,973558.4763168116,15625.401258017742,0.0160497819474923,14469.0,14861.97321679068,42,0.0,0.298778908343554,0.0184867002009788,0.6095238095238096,0.305840507962553,403
11070690,신내1동,2602808.095532567,331435.845732562,0.1273377957834982,36799.0,14138.191771864176,53,1.0,0.2840001232222081,0.1466721269238676,0.4952380952380952,0.3055504139767764,404
11030730,한강로동,2867675.949828901,452244.2863994384,0.1577041110333339,22624.0,7889.315388424502,41,4.0,0.1564052505323099,0.1816491109145961,0.5809523809523809,0.3032722249917647,405
11020600,을지로동,611191.7942547703,0.0,0.0,3362.0,5500.728301006244,17,4.0,0.1076330478791175,0.0,0.8095238095238095,0.302661762942966,406
11150660,신정3동,2754548.21131952,223795.22179475048,0.0812457087790615,47738.0,17330.609718074917,56,1.0,0.349185628011389,0.0935816490048459,0.4666666666666667,0.3001132014153576,407
11230760,세곡동,6362857.29536391,2041690.9891481784,0.3208764387401538,46157.0,7254.130944227023,66,0.0,0.143435514323931,0.3695967050489298,0.3809523809523809,0.2950149181073298,408
11230640,역삼1동,2360341.393955667,27371.317718766182,0.0115963384741115,35623.0,15092.30829541139,47,1.0,0.3034820858796809,0.01335706824562,0.5523809523809524,0.2868426351470636,409
11180520,독산1동,2060413.6371718885,0.0,0.0,49582.0,24064.10009402576,66,0.0,0.4866757613664005,0.0,0.3809523809523809,0.2863172869651979,410
11040550,사근동,1168326.7173387385,422.14740580138334,0.0003613265018564,14130.0,12094.219699251493,40,1.0,0.24226456303768,0.0004161885025192,0.6190476190476191,0.28437036229398,411
11160751,가양1동,4967140.291298255,1287552.0534096782,0.2592139496573696,33695.0,6783.581301101761,61,0.0,0.1338274315063611,0.2985716934289017,0.4285714285714286,0.2841202826572082,412
11170730,오류2동,3058811.870689682,457798.43226091645,0.1496654425359265,36487.0,11928.48777318663,58,1.0,0.2388805076156623,0.1723898913804738,0.4476190476190476,0.2834335173830106,413
11240820,위례동,2638595.8476681346,89248.45138894679,0.0338242218746081,45114.0,17097.730234006696,57,1.0,0.3444304966408085,0.038959921784169,0.4571428571428572,0.2773759809373854,414
11010530,사직동,1157671.300936425,3225.4985846303853,0.0027861955133735,9139.0,7894.296068847508,33,2.0,0.1565069503012742,0.0032092374417022,0.6761904761904762,0.2758491990980394,415
11160670,발산1동,2885594.690241787,297441.2886161364,0.1030779858384108,35088.0,12159.711867594246,58,0.0,0.2436018378322374,0.1187288293230158,0.4571428571428572,0.2704262630183764,416
11020540,회현동,897156.1242695067,0.0,0.0,4775.0,5322.373520983276,33,1.0,0.1039912482891985,0.0,0.6857142857142857,0.2606028262211498,417
11020550,명동,968876.2437847004,0.0,0.0,3389.0,3497.866752064867,30,1.0,0.0667369173315649,0.0,0.7142857142857143,0.2577374684337021,418
11140740,상암동,8396291.141166728,4559220.117658545,0.5430040527423883,29798.0,3548.947922244084,98,1.0,0.0677799361090112,0.625451059946234,0.0666666666666666,0.2507662286982309,419
11130680,홍은2동,2073551.287573979,151833.38608941442,0.0732238392169489,28295.0,13645.671640514223,71,0.0,0.2739434282900838,0.0843417790719524,0.3333333333333333,0.2282341184294719,420
11020520,소공동,943090.0469200136,0.0,0.0,3520.0,3732.411355093584,40,3.0,0.0715260485172708,0.0,0.6,0.2216035960106993,421
11220530,서초3동,2996312.6959719546,355464.9634545068,0.1186341345255355,32454.0,10831.312781082232,73,2.0,0.2164774554754243,0.1366469454694883,0.2952380952380952,0.2139596237403926,422
11060810,용신동,1617172.414529043,0.0,0.0,1884.0,1164.9963745817809,39,4.0,0.0191023858490999,0.0,0.6,0.204303787330203,423
11140660,서교동,1677742.2109233718,0.0,0.0,25904.0,15439.797503660186,79,3.0,0.3105774160745811,0.0,0.2285714285714285,0.1779191187331831,424
11010610,종로1·2·3·4가동,2414221.3918117527,76799.15379276761,0.0318111479142903,8628.0,3573.8230260337127,68,5.0,0.068287857134557,0.0366411927878161,0.3142857142857143,0.1383408721886688,425
11180510,가산동,2511019.694772524,69509.63176227952,0.0276818345578832,27870.0,11099.07662533277,105,1.0,0.2219448853814866,0.0318849052378957,0.0,0.0837638309043962,426
11210680,신사동,640630.1653911992,0.0,0.0,,,18,1.0,,0.0,0.8285714285714285,,427
